Isla,Fecha,Pasajeros,Phase,month_sin,month_cos,year_norm,lag_1,lag_2,lag_3,lag_4,lag_5,lag_6,lag_7,lag_8,lag_9,lag_10,lag_11,lag_12,roll3,roll6
Total Canarias,2019-01-01,1794560.0,History,,,,,,,,,,,,,,,,,
Total Canarias,2019-02-01,1783042.0,History,,,,,,,,,,,,,,,,,
Total Canarias,2019-03-01,2038936.0,History,,,,,,,,,,,,,,,,,
Total Canarias,2019-04-01,1838553.0,History,,,,,,,,,,,,,,,,,
Total Canarias,2019-05-01,1634637.0,History,,,,,,,,,,,,,,,,,
Total Canarias,2019-06-01,1746104.0,History,,,,,,,,,,,,,,,,,
Total Canarias,2019-07-01,1911553.0,History,,,,,,,,,,,,,,,,,
Total Canarias,2019-08-01,1914740.0,History,,,,,,,,,,,,,,,,,
Total Canarias,2019-09-01,1740643.0,History,,,,,,,,,,,,,,,,,
Total Canarias,2019-10-01,1897118.0,History,,,,,,,,,,,,,,,,,
Total Canarias,2019-11-01,1876794.0,History,,,,,,,,,,,,,,,,,
Total Canarias,2019-12-01,1981730.0,History,,,,,,,,,,,,,,,,,
Total Canarias,2020-01-01,1757813.0,History,,,,,,,,,,,,,,,,,
Total Canarias,2020-02-01,1784677.0,History,,,,,,,,,,,,,,,,,
Total Canarias,2020-03-01,753290.0,History,,,,,,,,,,,,,,,,,
Total Canarias,2020-04-01,14783.0,History,,,,,,,,,,,,,,,,,
Total Canarias,2020-05-01,34553.0,History,,,,,,,,,,,,,,,,,
Total Canarias,2020-06-01,155092.0,History,,,,,,,,,,,,,,,,,
Total Canarias,2020-07-01,652789.0,History,,,,,,,,,,,,,,,,,
Total Canarias,2020-08-01,817328.0,History,,,,,,,,,,,,,,,,,
Total Canarias,2020-09-01,506272.0,History,,,,,,,,,,,,,,,,,
Total Canarias,2020-10-01,537189.0,History,,,,,,,,,,,,,,,,,
Total Canarias,2020-11-01,473069.0,History,,,,,,,,,,,,,,,,,
Total Canarias,2020-12-01,562866.0,History,,,,,,,,,,,,,,,,,
Total Canarias,2021-01-01,298110.0,History,,,,,,,,,,,,,,,,,
Total Canarias,2021-02-01,284530.0,History,,,,,,,,,,,,,,,,,
Total Canarias,2021-03-01,408017.0,History,,,,,,,,,,,,,,,,,
Total Canarias,2021-04-01,397799.0,History,,,,,,,,,,,,,,,,,
Total Canarias,2021-05-01,584049.0,History,,,,,,,,,,,,,,,,,
Total Canarias,2021-06-01,755253.0,History,,,,,,,,,,,,,,,,,
Total Canarias,2021-07-01,1137952.0,History,,,,,,,,,,,,,,,,,
Total Canarias,2021-08-01,1370168.0,History,,,,,,,,,,,,,,,,,
Total Canarias,2021-09-01,1265347.0,History,,,,,,,,,,,,,,,,,
Total Canarias,2021-10-01,1631192.0,History,,,,,,,,,,,,,,,,,
Total Canarias,2021-11-01,1588604.0,History,,,,,,,,,,,,,,,,,
Total Canarias,2021-12-01,1581120.0,History,,,,,,,,,,,,,,,,,
Total Canarias,2022-01-01,1242342.0,History,,,,,,,,,,,,,,,,,
Total Canarias,2022-02-01,1520775.0,History,,,,,,,,,,,,,,,,,
Total Canarias,2022-03-01,1777180.0,History,,,,,,,,,,,,,,,,,
Total Canarias,2022-04-01,1831428.0,History,,,,,,,,,,,,,,,,,
Total Canarias,2022-05-01,1611236.0,History,,,,,,,,,,,,,,,,,
Total Canarias,2022-06-01,1690460.0,History,,,,,,,,,,,,,,,,,
Total Canarias,2022-07-01,1955986.0,History,,,,,,,,,,,,,,,,,
Total Canarias,2022-08-01,1940286.0,History,,,,,,,,,,,,,,,,,
Total Canarias,2022-09-01,1713248.0,History,,,,,,,,,,,,,,,,,
Total Canarias,2022-10-01,2015580.0,History,,,,,,,,,,,,,,,,,
Total Canarias,2022-11-01,1945604.0,History,,,,,,,,,,,,,,,,,
Total Canarias,2022-12-01,2110045.0,History,,,,,,,,,,,,,,,,,
Total Canarias,2023-01-01,1899097.0,History,,,,,,,,,,,,,,,,,
Total Canarias,2023-02-01,1907273.0,History,,,,,,,,,,,,,,,,,
Total Canarias,2023-03-01,2074654.0,History,,,,,,,,,,,,,,,,,
Total Canarias,2023-04-01,1950607.0,History,,,,,,,,,,,,,,,,,
Total Canarias,2023-05-01,1772338.0,History,,,,,,,,,,,,,,,,,
Total Canarias,2023-06-01,1785800.0,History,,,,,,,,,,,,,,,,,
Total Canarias,2023-07-01,2047699.0,History,,,,,,,,,,,,,,,,,
Total Canarias,2023-08-01,1994198.0,History,,,,,,,,,,,,,,,,,
Total Canarias,2023-09-01,1861996.0,History,,,,,,,,,,,,,,,,,
Total Canarias,2023-10-01,2137051.0,History,,,,,,,,,,,,,,,,,
Total Canarias,2023-11-01,2099619.0,History,,,,,,,,,,,,,,,,,
Total Canarias,2023-12-01,2272734.0,History,,,,,,,,,,,,,,,,,
Total Canarias,2024-01-01,2063542.0,History,,,,,,,,,,,,,,,,,
Total Canarias,2024-02-01,2174856.0,History,,,,,,,,,,,,,,,,,
Total Canarias,2024-03-01,2416481.0,History,,,,,,,,,,,,,,,,,
Total Canarias,2024-04-01,2009663.0,History,,,,,,,,,,,,,,,,,
Total Canarias,2024-05-01,1924628.0,History,,,,,,,,,,,,,,,,,
Total Canarias,2024-06-01,1989492.0,History,,,,,,,,,,,,,,,,,
Total Canarias,2024-07-01,2182178.0,History,,,,,,,,,,,,,,,,,
Total Canarias,2024-08-01,2179842.0,History,,,,,,,,,,,,,,,,,
Total Canarias,2024-09-01,2009806.0,History,,,,,,,,,,,,,,,,,
Total Canarias,2024-10-01,2285857.0,History,,,,,,,,,,,,,,,,,
Total Canarias,2024-11-01,2333838.0,History,,,,,,,,,,,,,,,,,
Total Canarias,2024-12-01,2439631.0,History,,,,,,,,,,,,,,,,,
Total Canarias,2025-01-01,2200971.0,History,,,,,,,,,,,,,,,,,
Total Canarias,2025-02-01,2231870.0,History,,,,,,,,,,,,,,,,,
Total Canarias,2025-03-01,2439527.0,History,,,,,,,,,,,,,,,,,
Total Canarias,2025-04-01,2229428.0,History,,,,,,,,,,,,,,,,,
Total Canarias,2025-05-01,2016749.0,History,,,,,,,,,,,,,,,,,
Total Canarias,2025-06-01,2081654.0,History,,,,,,,,,,,,,,,,,
Total Canarias,2025-07-01,2320307.0,History,,,,,,,,,,,,,,,,,
Total Canarias,2025-08-01,2295039.0,History,,,,,,,,,,,,,,,,,
Total Canarias,2025-09-01,2078523.0,History,,,,,,,,,,,,,,,,,
Total Canarias,2025-10-01,2331020.0,History,,,,,,,,,,,,,,,,,
Total Canarias,2025-11-01,2330261.0,History,,,,,,,,,,,,,,,,,
Total Canarias,2025-12-01,2420017.0,History,,,,,,,,,,,,,,,,,
Total Canarias,2026-01-01,2219589.0,History,,,,,,,,,,,,,,,,,
Total Canarias,2026-02-01,2261863.0,History,,,,,,,,,,,,,,,,,
Total Canarias,2026-03-01,2439075.0,History,,,,,,,,,,,,,,,,,
Total Canarias,2026-04-01,2125309.0,History,,,,,,,,,,,,,,,,,
Total Canarias,2026-05-01,2022869.0,History,,,,,,,,,,,,,,,,,
Total Canarias,2026-06-01,2057592.0,History,,,,,,,,,,,,,,,,,
Total Canarias,2026-07-01,2303151.25,Forecast,-0.4999999999999997,-0.8660254037844388,7.0,2057592.0,2022869.0,2125309.0,2439075.0,2261863.0,2219589.0,2420017.0,2330261.0,2331020.0,2078523.0,2295039.0,2320307.0,2068590.0,2187716.1666666665
Total Canarias,2026-08-01,2291249.25,Forecast,-0.8660254037844384,-0.5000000000000004,7.0,2303151.25,2057592.0,2022869.0,2125309.0,2439075.0,2261863.0,2219589.0,2420017.0,2330261.0,2331020.0,2078523.0,2295039.0,2127870.75,2201643.2083333335
Total Canarias,2026-09-01,2107360.25,Forecast,-1.0,-1.8369701987210297e-16,7.0,2291249.25,2303151.25,2057592.0,2022869.0,2125309.0,2439075.0,2261863.0,2219589.0,2420017.0,2330261.0,2331020.0,2078523.0,2217330.8333333335,2206540.9166666665
Total Canarias,2026-10-01,2308239.5,Forecast,-0.8660254037844386,0.5000000000000001,7.0,2107360.25,2291249.25,2303151.25,2057592.0,2022869.0,2125309.0,2439075.0,2261863.0,2219589.0,2420017.0,2330261.0,2331020.0,2233920.25,2151255.125
Total Canarias,2026-11-01,2329826.75,Forecast,-0.5000000000000004,0.8660254037844384,7.0,2308239.5,2107360.25,2291249.25,2303151.25,2057592.0,2022869.0,2125309.0,2439075.0,2261863.0,2219589.0,2420017.0,2330261.0,2235616.3333333335,2181743.5416666665
Total Canarias,2026-12-01,2420663.5,Forecast,-2.4492935982947064e-16,1.0,7.0,2329826.75,2308239.5,2107360.25,2291249.25,2303151.25,2057592.0,2022869.0,2125309.0,2439075.0,2261863.0,2219589.0,2420017.0,2248475.5,2232903.1666666665
Total Canarias,2027-01-01,2263305.25,Forecast,0.49999999999999994,0.8660254037844387,8.0,2420663.5,2329826.75,2308239.5,2107360.25,2291249.25,2303151.25,2057592.0,2022869.0,2125309.0,2439075.0,2261863.0,2219589.0,2352909.9166666665,2293415.0833333335
Total Canarias,2027-02-01,2282521.75,Forecast,0.8660254037844386,0.5000000000000001,8.0,2263305.25,2420663.5,2329826.75,2308239.5,2107360.25,2291249.25,2303151.25,2057592.0,2022869.0,2125309.0,2439075.0,2261863.0,2337931.8333333335,2286774.0833333335
Total Canarias,2027-03-01,2367518.0,Forecast,1.0,6.123233995736766e-17,8.0,2282521.75,2263305.25,2420663.5,2329826.75,2308239.5,2107360.25,2291249.25,2303151.25,2057592.0,2022869.0,2125309.0,2439075.0,2322163.5,2285319.5
Total Canarias,2027-04-01,2273795.0,Forecast,0.8660254037844387,-0.4999999999999998,8.0,2367518.0,2282521.75,2263305.25,2420663.5,2329826.75,2308239.5,2107360.25,2291249.25,2303151.25,2057592.0,2022869.0,2125309.0,2304448.3333333335,2328679.125
Total Canarias,2027-05-01,2104699.5,Forecast,0.49999999999999994,-0.8660254037844387,8.0,2273795.0,2367518.0,2282521.75,2263305.25,2420663.5,2329826.75,2308239.5,2107360.25,2291249.25,2303151.25,2057592.0,2022869.0,2307944.9166666665,2322938.375
Total Canarias,2027-06-01,2071147.375,Forecast,1.2246467991473532e-16,-1.0,8.0,2104699.5,2273795.0,2367518.0,2282521.75,2263305.25,2420663.5,2329826.75,2308239.5,2107360.25,2291249.25,2303151.25,2057592.0,2248670.8333333335,2285417.1666666665
