Isla,Fecha,Mes,AÃ±o,MesNum,Pasajeros,month_sin,month_cos,year_norm,lag_1,lag_2,lag_3,lag_4,lag_5,lag_6,lag_7,lag_8,lag_9,lag_10,lag_11,lag_12,roll3,roll6
Fuerteventura,2020-01-01,enero,2020,1,200041,0.49999999999999994,0.8660254037844387,1,231012.0,225716.0,244407.0,225448.0,257070.0,255590.0,227570.0,204212.0,239006.0,250148.0,215688.0,208548.0,233711.66666666666,239873.83333333334
Fuerteventura,2020-02-01,febrero,2020,2,231762,0.8660254037844386,0.5000000000000001,1,200041.0,231012.0,225716.0,244407.0,225448.0,257070.0,255590.0,227570.0,204212.0,239006.0,250148.0,215688.0,218923.0,230615.66666666666
Fuerteventura,2020-03-01,marzo,2020,3,99651,1.0,6.123233995736766e-17,1,231762.0,200041.0,231012.0,225716.0,244407.0,225448.0,257070.0,255590.0,227570.0,204212.0,239006.0,250148.0,220938.33333333334,226397.66666666666
Fuerteventura,2020-04-01,abril,2020,4,1305,0.8660254037844387,-0.4999999999999998,1,99651.0,231762.0,200041.0,231012.0,225716.0,244407.0,225448.0,257070.0,255590.0,227570.0,204212.0,239006.0,177151.33333333334,205431.5
Fuerteventura,2020-05-01,mayo,2020,5,2993,0.49999999999999994,-0.8660254037844387,1,1305.0,99651.0,231762.0,200041.0,231012.0,225716.0,244407.0,225448.0,257070.0,255590.0,227570.0,204212.0,110906.0,164914.5
Fuerteventura,2020-06-01,junio,2020,6,15735,1.2246467991473532e-16,-1.0,1,2993.0,1305.0,99651.0,231762.0,200041.0,231012.0,225716.0,244407.0,225448.0,257070.0,255590.0,227570.0,34649.666666666664,127794.0
Fuerteventura,2020-07-01,julio,2020,7,60163,-0.4999999999999997,-0.8660254037844388,1,15735.0,2993.0,1305.0,99651.0,231762.0,200041.0,231012.0,225716.0,244407.0,225448.0,257070.0,255590.0,6677.666666666667,91914.5
Fuerteventura,2020-08-01,agosto,2020,8,127168,-0.8660254037844385,-0.5000000000000004,1,60163.0,15735.0,2993.0,1305.0,99651.0,231762.0,200041.0,231012.0,225716.0,244407.0,225448.0,257070.0,26297.0,68601.5
Fuerteventura,2020-09-01,septiembre,2020,9,61682,-1.0,-1.8369701987210297e-16,1,127168.0,60163.0,15735.0,2993.0,1305.0,99651.0,231762.0,200041.0,231012.0,225716.0,244407.0,225448.0,67688.66666666667,51169.166666666664
Fuerteventura,2020-10-01,octubre,2020,10,63589,-0.8660254037844386,0.5000000000000001,1,61682.0,127168.0,60163.0,15735.0,2993.0,1305.0,99651.0,231762.0,200041.0,231012.0,225716.0,244407.0,83004.33333333333,44841.0
Fuerteventura,2020-11-01,noviembre,2020,11,59217,-0.5000000000000004,0.8660254037844384,1,63589.0,61682.0,127168.0,60163.0,15735.0,2993.0,1305.0,99651.0,231762.0,200041.0,231012.0,225716.0,84146.33333333333,55221.666666666664
Fuerteventura,2020-12-01,diciembre,2020,12,72426,-2.4492935982947064e-16,1.0,1,59217.0,63589.0,61682.0,127168.0,60163.0,15735.0,2993.0,1305.0,99651.0,231762.0,200041.0,231012.0,61496.0,64592.333333333336
Fuerteventura,2021-01-01,enero,2021,1,37417,0.49999999999999994,0.8660254037844387,2,72426.0,59217.0,63589.0,61682.0,127168.0,60163.0,15735.0,2993.0,1305.0,99651.0,231762.0,200041.0,65077.333333333336,74040.83333333333
Fuerteventura,2021-02-01,febrero,2021,2,35316,0.8660254037844386,0.5000000000000001,2,37417.0,72426.0,59217.0,63589.0,61682.0,127168.0,60163.0,15735.0,2993.0,1305.0,99651.0,231762.0,56353.333333333336,70249.83333333333
Fuerteventura,2021-03-01,marzo,2021,3,52455,1.0,6.123233995736766e-17,2,35316.0,37417.0,72426.0,59217.0,63589.0,61682.0,127168.0,60163.0,15735.0,2993.0,1305.0,99651.0,48386.333333333336,54941.166666666664
Fuerteventura,2021-04-01,abril,2021,4,50298,0.8660254037844387,-0.4999999999999998,2,52455.0,35316.0,37417.0,72426.0,59217.0,63589.0,61682.0,127168.0,60163.0,15735.0,2993.0,1305.0,41729.333333333336,53403.333333333336
Fuerteventura,2021-05-01,mayo,2021,5,78773,0.49999999999999994,-0.8660254037844387,2,50298.0,52455.0,35316.0,37417.0,72426.0,59217.0,63589.0,61682.0,127168.0,60163.0,15735.0,2993.0,46023.0,51188.166666666664
Fuerteventura,2021-06-01,junio,2021,6,102153,1.2246467991473532e-16,-1.0,2,78773.0,50298.0,52455.0,35316.0,37417.0,72426.0,59217.0,63589.0,61682.0,127168.0,60163.0,15735.0,60508.666666666664,54447.5
Fuerteventura,2021-07-01,julio,2021,7,165948,-0.4999999999999997,-0.8660254037844388,2,102153.0,78773.0,50298.0,52455.0,35316.0,37417.0,72426.0,59217.0,63589.0,61682.0,127168.0,60163.0,77074.66666666667,59402.0
Fuerteventura,2021-08-01,agosto,2021,8,196429,-0.8660254037844385,-0.5000000000000004,2,165948.0,102153.0,78773.0,50298.0,52455.0,35316.0,37417.0,72426.0,59217.0,63589.0,61682.0,127168.0,115624.66666666667,80823.83333333333
Fuerteventura,2021-09-01,septiembre,2021,9,177716,-1.0,-1.8369701987210297e-16,2,196429.0,165948.0,102153.0,78773.0,50298.0,52455.0,35316.0,37417.0,72426.0,59217.0,63589.0,61682.0,154843.33333333334,107676.0
Fuerteventura,2021-10-01,octubre,2021,10,239139,-0.8660254037844386,0.5000000000000001,2,177716.0,196429.0,165948.0,102153.0,78773.0,50298.0,52455.0,35316.0,37417.0,72426.0,59217.0,63589.0,180031.0,128552.83333333333
Fuerteventura,2021-11-01,noviembre,2021,11,213627,-0.5000000000000004,0.8660254037844384,2,239139.0,177716.0,196429.0,165948.0,102153.0,78773.0,50298.0,52455.0,35316.0,37417.0,72426.0,59217.0,204428.0,160026.33333333334
Fuerteventura,2021-12-01,diciembre,2021,12,201495,-2.4492935982947064e-16,1.0,2,213627.0,239139.0,177716.0,196429.0,165948.0,102153.0,78773.0,50298.0,52455.0,35316.0,37417.0,72426.0,210160.66666666666,182502.0
Fuerteventura,2022-01-01,enero,2022,1,144667,0.49999999999999994,0.8660254037844387,3,201495.0,213627.0,239139.0,177716.0,196429.0,165948.0,102153.0,78773.0,50298.0,52455.0,35316.0,37417.0,218087.0,199059.0
Fuerteventura,2022-02-01,febrero,2022,2,191259,0.8660254037844386,0.5000000000000001,3,144667.0,201495.0,213627.0,239139.0,177716.0,196429.0,165948.0,102153.0,78773.0,50298.0,52455.0,35316.0,186596.33333333334,195512.16666666666
Fuerteventura,2022-03-01,marzo,2022,3,231484,1.0,6.123233995736766e-17,3,191259.0,144667.0,201495.0,213627.0,239139.0,177716.0,196429.0,165948.0,102153.0,78773.0,50298.0,52455.0,179140.33333333334,194650.5
Fuerteventura,2022-04-01,abril,2022,4,242014,0.8660254037844387,-0.4999999999999998,3,231484.0,191259.0,144667.0,201495.0,213627.0,239139.0,177716.0,196429.0,165948.0,102153.0,78773.0,50298.0,189136.66666666666,203611.83333333334
Fuerteventura,2022-05-01,mayo,2022,5,205181,0.49999999999999994,-0.8660254037844387,3,242014.0,231484.0,191259.0,144667.0,201495.0,213627.0,239139.0,177716.0,196429.0,165948.0,102153.0,78773.0,221585.66666666666,204091.0
Fuerteventura,2022-06-01,junio,2022,6,226353,1.2246467991473532e-16,-1.0,3,205181.0,242014.0,231484.0,191259.0,144667.0,201495.0,213627.0,239139.0,177716.0,196429.0,165948.0,102153.0,226226.33333333334,202683.33333333334
Fuerteventura,2022-07-01,julio,2022,7,268632,-0.4999999999999997,-0.8660254037844388,3,226353.0,205181.0,242014.0,231484.0,191259.0,144667.0,201495.0,213627.0,239139.0,177716.0,196429.0,165948.0,224516.0,206826.33333333334
Fuerteventura,2022-08-01,agosto,2022,8,271926,-0.8660254037844385,-0.5000000000000004,3,268632.0,226353.0,205181.0,242014.0,231484.0,191259.0,144667.0,201495.0,213627.0,239139.0,177716.0,196429.0,233388.66666666666,227487.16666666666
Fuerteventura,2022-09-01,septiembre,2022,9,235633,-1.0,-1.8369701987210297e-16,3,271926.0,268632.0,226353.0,205181.0,242014.0,231484.0,191259.0,144667.0,201495.0,213627.0,239139.0,177716.0,255637.0,240931.66666666666
Fuerteventura,2022-10-01,octubre,2022,10,266571,-0.8660254037844386,0.5000000000000001,3,235633.0,271926.0,268632.0,226353.0,205181.0,242014.0,231484.0,191259.0,144667.0,201495.0,213627.0,239139.0,258730.33333333334,241623.16666666666
Fuerteventura,2022-11-01,noviembre,2022,11,237040,-0.5000000000000004,0.8660254037844384,3,266571.0,235633.0,271926.0,268632.0,226353.0,205181.0,242014.0,231484.0,191259.0,144667.0,201495.0,213627.0,258043.33333333334,245716.0
Fuerteventura,2022-12-01,diciembre,2022,12,257811,-2.4492935982947064e-16,1.0,3,237040.0,266571.0,235633.0,271926.0,268632.0,226353.0,205181.0,242014.0,231484.0,191259.0,144667.0,201495.0,246414.66666666666,251025.83333333334
Fuerteventura,2023-01-01,enero,2023,1,221473,0.49999999999999994,0.8660254037844387,4,257811.0,237040.0,266571.0,235633.0,271926.0,268632.0,226353.0,205181.0,242014.0,231484.0,191259.0,144667.0,253807.33333333334,256268.83333333334
Fuerteventura,2023-02-01,febrero,2023,2,233547,0.8660254037844386,0.5000000000000001,4,221473.0,257811.0,237040.0,266571.0,235633.0,271926.0,268632.0,226353.0,205181.0,242014.0,231484.0,191259.0,238774.66666666666,248409.0
Fuerteventura,2023-03-01,marzo,2023,3,260152,1.0,6.123233995736766e-17,4,233547.0,221473.0,257811.0,237040.0,266571.0,235633.0,271926.0,268632.0,226353.0,205181.0,242014.0,231484.0,237610.33333333334,242012.5
Fuerteventura,2023-04-01,abril,2023,4,246164,0.8660254037844387,-0.4999999999999998,4,260152.0,233547.0,221473.0,257811.0,237040.0,266571.0,235633.0,271926.0,268632.0,226353.0,205181.0,242014.0,238390.66666666666,246099.0
Fuerteventura,2023-05-01,mayo,2023,5,220887,0.49999999999999994,-0.8660254037844387,4,246164.0,260152.0,233547.0,221473.0,257811.0,237040.0,266571.0,235633.0,271926.0,268632.0,226353.0,205181.0,246621.0,242697.83333333334
Fuerteventura,2023-06-01,junio,2023,6,222616,1.2246467991473532e-16,-1.0,4,220887.0,246164.0,260152.0,233547.0,221473.0,257811.0,237040.0,266571.0,235633.0,271926.0,268632.0,226353.0,242401.0,240005.66666666666
Fuerteventura,2023-07-01,julio,2023,7,264123,-0.4999999999999997,-0.8660254037844388,4,222616.0,220887.0,246164.0,260152.0,233547.0,221473.0,257811.0,237040.0,266571.0,235633.0,271926.0,268632.0,229889.0,234139.83333333334
Fuerteventura,2023-08-01,agosto,2023,8,259329,-0.8660254037844385,-0.5000000000000004,4,264123.0,222616.0,220887.0,246164.0,260152.0,233547.0,221473.0,257811.0,237040.0,266571.0,235633.0,271926.0,235875.33333333334,241248.16666666666
Fuerteventura,2023-09-01,septiembre,2023,9,242281,-1.0,-1.8369701987210297e-16,4,259329.0,264123.0,222616.0,220887.0,246164.0,260152.0,233547.0,221473.0,257811.0,237040.0,266571.0,235633.0,248689.33333333334,245545.16666666666
Fuerteventura,2023-10-01,octubre,2023,10,266892,-0.8660254037844386,0.5000000000000001,4,242281.0,259329.0,264123.0,222616.0,220887.0,246164.0,260152.0,233547.0,221473.0,257811.0,237040.0,266571.0,255244.33333333334,242566.66666666666
Fuerteventura,2023-11-01,noviembre,2023,11,256722,-0.5000000000000004,0.8660254037844384,4,266892.0,242281.0,259329.0,264123.0,222616.0,220887.0,246164.0,260152.0,233547.0,221473.0,257811.0,237040.0,256167.33333333334,246021.33333333334
Fuerteventura,2023-12-01,diciembre,2023,12,266080,-2.4492935982947064e-16,1.0,4,256722.0,266892.0,242281.0,259329.0,264123.0,222616.0,220887.0,246164.0,260152.0,233547.0,221473.0,257811.0,255298.33333333334,251993.83333333334
Fuerteventura,2024-01-01,enero,2024,1,241083,0.49999999999999994,0.8660254037844387,5,266080.0,256722.0,266892.0,242281.0,259329.0,264123.0,222616.0,220887.0,246164.0,260152.0,233547.0,221473.0,263231.3333333333,259237.83333333334
Fuerteventura,2024-02-01,febrero,2024,2,261243,0.8660254037844386,0.5000000000000001,5,241083.0,266080.0,256722.0,266892.0,242281.0,259329.0,264123.0,222616.0,220887.0,246164.0,260152.0,233547.0,254628.33333333334,255397.83333333334
Fuerteventura,2024-03-01,marzo,2024,3,295415,1.0,6.123233995736766e-17,5,261243.0,241083.0,266080.0,256722.0,266892.0,242281.0,259329.0,264123.0,222616.0,220887.0,246164.0,260152.0,256135.33333333334,255716.83333333334
Fuerteventura,2024-04-01,abril,2024,4,242172,0.8660254037844387,-0.4999999999999998,5,295415.0,261243.0,241083.0,266080.0,256722.0,266892.0,242281.0,259329.0,264123.0,222616.0,220887.0,246164.0,265913.6666666667,264572.5
Fuerteventura,2024-05-01,mayo,2024,5,232565,0.49999999999999994,-0.8660254037844387,5,242172.0,295415.0,261243.0,241083.0,266080.0,256722.0,266892.0,242281.0,259329.0,264123.0,222616.0,220887.0,266276.6666666667,260452.5
Fuerteventura,2024-06-01,junio,2024,6,245430,1.2246467991473532e-16,-1.0,5,232565.0,242172.0,295415.0,261243.0,241083.0,266080.0,256722.0,266892.0,242281.0,259329.0,264123.0,222616.0,256717.33333333334,256426.33333333334
Fuerteventura,2024-07-01,julio,2024,7,278676,-0.4999999999999997,-0.8660254037844388,5,245430.0,232565.0,242172.0,295415.0,261243.0,241083.0,266080.0,256722.0,266892.0,242281.0,259329.0,264123.0,240055.66666666666,252984.66666666666
Fuerteventura,2024-08-01,agosto,2024,8,279505,-0.8660254037844385,-0.5000000000000004,5,278676.0,245430.0,232565.0,242172.0,295415.0,261243.0,241083.0,266080.0,256722.0,266892.0,242281.0,259329.0,252223.66666666666,259250.16666666666
Fuerteventura,2024-09-01,septiembre,2024,9,253941,-1.0,-1.8369701987210297e-16,5,279505.0,278676.0,245430.0,232565.0,242172.0,295415.0,261243.0,241083.0,266080.0,256722.0,266892.0,242281.0,267870.3333333333,262293.8333333333
Fuerteventura,2024-10-01,octubre,2024,10,283317,-0.8660254037844386,0.5000000000000001,5,253941.0,279505.0,278676.0,245430.0,232565.0,242172.0,295415.0,261243.0,241083.0,266080.0,256722.0,266892.0,270707.3333333333,255381.5
Fuerteventura,2024-11-01,noviembre,2024,11,285657,-0.5000000000000004,0.8660254037844384,5,283317.0,253941.0,279505.0,278676.0,245430.0,232565.0,242172.0,295415.0,261243.0,241083.0,266080.0,256722.0,272254.3333333333,262239.0
Fuerteventura,2024-12-01,diciembre,2024,12,289709,-2.4492935982947064e-16,1.0,5,285657.0,283317.0,253941.0,279505.0,278676.0,245430.0,232565.0,242172.0,295415.0,261243.0,241083.0,266080.0,274305.0,271087.6666666667
Fuerteventura,2025-01-01,enero,2025,1,261868,0.49999999999999994,0.8660254037844387,6,289709.0,285657.0,283317.0,253941.0,279505.0,278676.0,245430.0,232565.0,242172.0,295415.0,261243.0,241083.0,286227.6666666667,278467.5
Fuerteventura,2025-02-01,febrero,2025,2,278970,0.8660254037844386,0.5000000000000001,6,261868.0,289709.0,285657.0,283317.0,253941.0,279505.0,278676.0,245430.0,232565.0,242172.0,295415.0,261243.0,279078.0,275666.1666666667
Fuerteventura,2025-03-01,marzo,2025,3,311092,1.0,6.123233995736766e-17,6,278970.0,261868.0,289709.0,285657.0,283317.0,253941.0,279505.0,278676.0,245430.0,232565.0,242172.0,295415.0,276849.0,275577.0
Fuerteventura,2025-04-01,abril,2025,4,282430,0.8660254037844387,-0.4999999999999998,6,311092.0,278970.0,261868.0,289709.0,285657.0,283317.0,253941.0,279505.0,278676.0,245430.0,232565.0,242172.0,283976.6666666667,285102.1666666667
Fuerteventura,2025-05-01,mayo,2025,5,253402,0.49999999999999994,-0.8660254037844387,6,282430.0,311092.0,278970.0,261868.0,289709.0,285657.0,283317.0,253941.0,279505.0,278676.0,245430.0,232565.0,290830.6666666667,284954.3333333333
Fuerteventura,2025-06-01,junio,2025,6,266167,1.2246467991473532e-16,-1.0,6,253402.0,282430.0,311092.0,278970.0,261868.0,289709.0,285657.0,283317.0,253941.0,279505.0,278676.0,245430.0,282308.0,279578.5
Fuerteventura,2025-07-01,julio,2025,7,313030,-0.4999999999999997,-0.8660254037844388,6,266167.0,253402.0,282430.0,311092.0,278970.0,261868.0,289709.0,285657.0,283317.0,253941.0,279505.0,278676.0,267333.0,275654.8333333333
Fuerteventura,2025-08-01,agosto,2025,8,307737,-0.8660254037844385,-0.5000000000000004,6,313030.0,266167.0,253402.0,282430.0,311092.0,278970.0,261868.0,289709.0,285657.0,283317.0,253941.0,279505.0,277533.0,284181.8333333333
Fuerteventura,2025-09-01,septiembre,2025,9,273452,-1.0,-1.8369701987210297e-16,6,307737.0,313030.0,266167.0,253402.0,282430.0,311092.0,278970.0,261868.0,289709.0,285657.0,283317.0,253941.0,295644.6666666667,288976.3333333333
Gran Canaria,2020-01-01,enero,2020,1,568392,0.49999999999999994,0.8660254037844387,1,624483.0,590929.0,556640.0,493785.0,531613.0,539061.0,491105.0,454957.0,534499.0,628240.0,559443.0,571340.0,590684.0,556085.1666666666
Gran Canaria,2020-02-01,febrero,2020,2,555455,0.8660254037844386,0.5000000000000001,1,568392.0,624483.0,590929.0,556640.0,493785.0,531613.0,539061.0,491105.0,454957.0,534499.0,628240.0,559443.0,594601.3333333334,560973.6666666666
Gran Canaria,2020-03-01,marzo,2020,3,235508,1.0,6.123233995736766e-17,1,555455.0,568392.0,624483.0,590929.0,556640.0,493785.0,531613.0,539061.0,491105.0,454957.0,534499.0,628240.0,582776.6666666666,564947.3333333334
Gran Canaria,2020-04-01,abril,2020,4,6103,0.8660254037844387,-0.4999999999999998,1,235508.0,555455.0,568392.0,624483.0,590929.0,556640.0,493785.0,531613.0,539061.0,491105.0,454957.0,534499.0,453118.3333333333,521901.1666666667
Gran Canaria,2020-05-01,mayo,2020,5,13413,0.49999999999999994,-0.8660254037844387,1,6103.0,235508.0,555455.0,568392.0,624483.0,590929.0,556640.0,493785.0,531613.0,539061.0,491105.0,454957.0,265688.6666666667,430145.0
Gran Canaria,2020-06-01,junio,2020,6,51596,1.2246467991473532e-16,-1.0,1,13413.0,6103.0,235508.0,555455.0,568392.0,624483.0,590929.0,556640.0,493785.0,531613.0,539061.0,491105.0,85008.0,333892.3333333333
Gran Canaria,2020-07-01,julio,2020,7,198209,-0.4999999999999997,-0.8660254037844388,1,51596.0,13413.0,6103.0,235508.0,555455.0,568392.0,624483.0,590929.0,556640.0,493785.0,531613.0,539061.0,23704.0,238411.16666666666
Gran Canaria,2020-08-01,agosto,2020,8,224388,-0.8660254037844385,-0.5000000000000004,1,198209.0,51596.0,13413.0,6103.0,235508.0,555455.0,568392.0,624483.0,590929.0,556640.0,493785.0,531613.0,87739.33333333333,176714.0
Gran Canaria,2020-09-01,septiembre,2020,9,140555,-1.0,-1.8369701987210297e-16,1,224388.0,198209.0,51596.0,13413.0,6103.0,235508.0,555455.0,568392.0,624483.0,590929.0,556640.0,493785.0,158064.33333333334,121536.16666666667
Gran Canaria,2020-10-01,octubre,2020,10,155462,-0.8660254037844386,0.5000000000000001,1,140555.0,224388.0,198209.0,51596.0,13413.0,6103.0,235508.0,555455.0,568392.0,624483.0,590929.0,556640.0,187717.33333333334,105710.66666666667
Gran Canaria,2020-11-01,noviembre,2020,11,151279,-0.5000000000000004,0.8660254037844384,1,155462.0,140555.0,224388.0,198209.0,51596.0,13413.0,6103.0,235508.0,555455.0,568392.0,624483.0,590929.0,173468.33333333334,130603.83333333333
Gran Canaria,2020-12-01,diciembre,2020,12,181103,-2.4492935982947064e-16,1.0,1,151279.0,155462.0,140555.0,224388.0,198209.0,51596.0,13413.0,6103.0,235508.0,555455.0,568392.0,624483.0,149098.66666666666,153581.5
Gran Canaria,2021-01-01,enero,2021,1,104518,0.49999999999999994,0.8660254037844387,2,181103.0,151279.0,155462.0,140555.0,224388.0,198209.0,51596.0,13413.0,6103.0,235508.0,555455.0,568392.0,162614.66666666666,175166.0
Gran Canaria,2021-02-01,febrero,2021,2,88319,0.8660254037844386,0.5000000000000001,2,104518.0,181103.0,151279.0,155462.0,140555.0,224388.0,198209.0,51596.0,13413.0,6103.0,235508.0,555455.0,145633.33333333334,159550.83333333334
Gran Canaria,2021-03-01,marzo,2021,3,135170,1.0,6.123233995736766e-17,2,88319.0,104518.0,181103.0,151279.0,155462.0,140555.0,224388.0,198209.0,51596.0,13413.0,6103.0,235508.0,124646.66666666667,136872.66666666666
Gran Canaria,2021-04-01,abril,2021,4,127881,0.8660254037844387,-0.4999999999999998,2,135170.0,88319.0,104518.0,181103.0,151279.0,155462.0,140555.0,224388.0,198209.0,51596.0,13413.0,6103.0,109335.66666666667,135975.16666666666
Gran Canaria,2021-05-01,mayo,2021,5,186157,0.49999999999999994,-0.8660254037844387,2,127881.0,135170.0,88319.0,104518.0,181103.0,151279.0,155462.0,140555.0,224388.0,198209.0,51596.0,13413.0,117123.33333333333,131378.33333333334
Gran Canaria,2021-06-01,junio,2021,6,235975,1.2246467991473532e-16,-1.0,2,186157.0,127881.0,135170.0,88319.0,104518.0,181103.0,151279.0,155462.0,140555.0,224388.0,198209.0,51596.0,149736.0,137191.33333333334
Gran Canaria,2021-07-01,julio,2021,7,335600,-0.4999999999999997,-0.8660254037844388,2,235975.0,186157.0,127881.0,135170.0,88319.0,104518.0,181103.0,151279.0,155462.0,140555.0,224388.0,198209.0,183337.66666666666,146336.66666666666
Gran Canaria,2021-08-01,agosto,2021,8,386847,-0.8660254037844385,-0.5000000000000004,2,335600.0,235975.0,186157.0,127881.0,135170.0,88319.0,104518.0,181103.0,151279.0,155462.0,140555.0,224388.0,252577.33333333334,184850.33333333334
Gran Canaria,2021-09-01,septiembre,2021,9,363471,-1.0,-1.8369701987210297e-16,2,386847.0,335600.0,235975.0,186157.0,127881.0,135170.0,88319.0,104518.0,181103.0,151279.0,155462.0,140555.0,319474.0,234605.0
Gran Canaria,2021-10-01,octubre,2021,10,480569,-0.8660254037844386,0.5000000000000001,2,363471.0,386847.0,335600.0,235975.0,186157.0,127881.0,135170.0,88319.0,104518.0,181103.0,151279.0,155462.0,361972.6666666667,272655.1666666667
Gran Canaria,2021-11-01,noviembre,2021,11,490760,-0.5000000000000004,0.8660254037844384,2,480569.0,363471.0,386847.0,335600.0,235975.0,186157.0,127881.0,135170.0,88319.0,104518.0,181103.0,151279.0,410295.6666666667,331436.5
Gran Canaria,2021-12-01,diciembre,2021,12,508520,-2.4492935982947064e-16,1.0,2,490760.0,480569.0,363471.0,386847.0,335600.0,235975.0,186157.0,127881.0,135170.0,88319.0,104518.0,181103.0,444933.3333333333,382203.6666666667
Gran Canaria,2022-01-01,enero,2022,1,394148,0.49999999999999994,0.8660254037844387,3,508520.0,490760.0,480569.0,363471.0,386847.0,335600.0,235975.0,186157.0,127881.0,135170.0,88319.0,104518.0,493283.0,427627.8333333333
Gran Canaria,2022-02-01,febrero,2022,2,446811,0.8660254037844386,0.5000000000000001,3,394148.0,508520.0,490760.0,480569.0,363471.0,386847.0,335600.0,235975.0,186157.0,127881.0,135170.0,88319.0,464476.0,437385.8333333333
Gran Canaria,2022-03-01,marzo,2022,3,509624,1.0,6.123233995736766e-17,3,446811.0,394148.0,508520.0,490760.0,480569.0,363471.0,386847.0,335600.0,235975.0,186157.0,127881.0,135170.0,449826.3333333333,447379.8333333333
Gran Canaria,2022-04-01,abril,2022,4,520560,0.8660254037844387,-0.4999999999999998,3,509624.0,446811.0,394148.0,508520.0,490760.0,480569.0,363471.0,386847.0,335600.0,235975.0,186157.0,127881.0,450194.3333333333,471738.6666666667
Gran Canaria,2022-05-01,mayo,2022,5,445334,0.49999999999999994,-0.8660254037844387,3,520560.0,509624.0,446811.0,394148.0,508520.0,490760.0,480569.0,363471.0,386847.0,335600.0,235975.0,186157.0,492331.6666666667,478403.8333333333
Gran Canaria,2022-06-01,junio,2022,6,460797,1.2246467991473532e-16,-1.0,3,445334.0,520560.0,509624.0,446811.0,394148.0,508520.0,490760.0,480569.0,363471.0,386847.0,335600.0,235975.0,491839.3333333333,470832.8333333333
Gran Canaria,2022-07-01,julio,2022,7,541863,-0.4999999999999997,-0.8660254037844388,3,460797.0,445334.0,520560.0,509624.0,446811.0,394148.0,508520.0,490760.0,480569.0,363471.0,386847.0,335600.0,475563.6666666667,462879.0
Gran Canaria,2022-08-01,agosto,2022,8,535323,-0.8660254037844385,-0.5000000000000004,3,541863.0,460797.0,445334.0,520560.0,509624.0,446811.0,394148.0,508520.0,490760.0,480569.0,363471.0,386847.0,482664.6666666667,487498.1666666667
Gran Canaria,2022-09-01,septiembre,2022,9,474314,-1.0,-1.8369701987210297e-16,3,535323.0,541863.0,460797.0,445334.0,520560.0,509624.0,446811.0,394148.0,508520.0,490760.0,480569.0,363471.0,512661.0,502250.1666666667
Gran Canaria,2022-10-01,octubre,2022,10,582566,-0.8660254037844386,0.5000000000000001,3,474314.0,535323.0,541863.0,460797.0,445334.0,520560.0,509624.0,446811.0,394148.0,508520.0,490760.0,480569.0,517166.6666666667,496365.1666666667
Gran Canaria,2022-11-01,noviembre,2022,11,588231,-0.5000000000000004,0.8660254037844384,3,582566.0,474314.0,535323.0,541863.0,460797.0,445334.0,520560.0,509624.0,446811.0,394148.0,508520.0,490760.0,530734.3333333334,506699.5
Gran Canaria,2022-12-01,diciembre,2022,12,644530,-2.4492935982947064e-16,1.0,3,588231.0,582566.0,474314.0,535323.0,541863.0,460797.0,445334.0,520560.0,509624.0,446811.0,394148.0,508520.0,548370.3333333334,530515.6666666666
Gran Canaria,2023-01-01,enero,2023,1,584417,0.49999999999999994,0.8660254037844387,4,644530.0,588231.0,582566.0,474314.0,535323.0,541863.0,460797.0,445334.0,520560.0,509624.0,446811.0,394148.0,605109.0,561137.8333333334
Gran Canaria,2023-02-01,febrero,2023,2,573700,0.8660254037844386,0.5000000000000001,4,584417.0,644530.0,588231.0,582566.0,474314.0,535323.0,541863.0,460797.0,445334.0,520560.0,509624.0,446811.0,605726.0,568230.1666666666
Gran Canaria,2023-03-01,marzo,2023,3,615556,1.0,6.123233995736766e-17,4,573700.0,584417.0,644530.0,588231.0,582566.0,474314.0,535323.0,541863.0,460797.0,445334.0,520560.0,509624.0,600882.3333333334,574626.3333333334
Gran Canaria,2023-04-01,abril,2023,4,561947,0.8660254037844387,-0.4999999999999998,4,615556.0,573700.0,584417.0,644530.0,588231.0,582566.0,474314.0,535323.0,541863.0,460797.0,445334.0,520560.0,591224.3333333334,598166.6666666666
Gran Canaria,2023-05-01,mayo,2023,5,491655,0.49999999999999994,-0.8660254037844387,4,561947.0,615556.0,573700.0,584417.0,644530.0,588231.0,582566.0,474314.0,535323.0,541863.0,460797.0,445334.0,583734.3333333334,594730.1666666666
Gran Canaria,2023-06-01,junio,2023,6,492879,1.2246467991473532e-16,-1.0,4,491655.0,561947.0,615556.0,573700.0,584417.0,644530.0,588231.0,582566.0,474314.0,535323.0,541863.0,460797.0,556386.0,578634.1666666666
Gran Canaria,2023-07-01,julio,2023,7,577645,-0.4999999999999997,-0.8660254037844388,4,492879.0,491655.0,561947.0,615556.0,573700.0,584417.0,644530.0,588231.0,582566.0,474314.0,535323.0,541863.0,515493.6666666667,553359.0
Gran Canaria,2023-08-01,agosto,2023,8,556213,-0.8660254037844385,-0.5000000000000004,4,577645.0,492879.0,491655.0,561947.0,615556.0,573700.0,584417.0,644530.0,588231.0,582566.0,474314.0,535323.0,520726.3333333333,552230.3333333334
Gran Canaria,2023-09-01,septiembre,2023,9,522700,-1.0,-1.8369701987210297e-16,4,556213.0,577645.0,492879.0,491655.0,561947.0,615556.0,573700.0,584417.0,644530.0,588231.0,582566.0,474314.0,542245.6666666666,549315.8333333334
Gran Canaria,2023-10-01,octubre,2023,10,626498,-0.8660254037844386,0.5000000000000001,4,522700.0,556213.0,577645.0,492879.0,491655.0,561947.0,615556.0,573700.0,584417.0,644530.0,588231.0,582566.0,552186.0,533839.8333333334
Gran Canaria,2023-11-01,noviembre,2023,11,621956,-0.5000000000000004,0.8660254037844384,4,626498.0,522700.0,556213.0,577645.0,492879.0,491655.0,561947.0,615556.0,573700.0,584417.0,644530.0,588231.0,568470.3333333334,544598.3333333334
Gran Canaria,2023-12-01,diciembre,2023,12,690092,-2.4492935982947064e-16,1.0,4,621956.0,626498.0,522700.0,556213.0,577645.0,492879.0,491655.0,561947.0,615556.0,573700.0,584417.0,644530.0,590384.6666666666,566315.1666666666
Gran Canaria,2024-01-01,enero,2024,1,629857,0.49999999999999994,0.8660254037844387,5,690092.0,621956.0,626498.0,522700.0,556213.0,577645.0,492879.0,491655.0,561947.0,615556.0,573700.0,584417.0,646182.0,599184.0
Gran Canaria,2024-02-01,febrero,2024,2,658274,0.8660254037844386,0.5000000000000001,5,629857.0,690092.0,621956.0,626498.0,522700.0,556213.0,577645.0,492879.0,491655.0,561947.0,615556.0,573700.0,647301.6666666666,607886.0
Gran Canaria,2024-03-01,marzo,2024,3,722702,1.0,6.123233995736766e-17,5,658274.0,629857.0,690092.0,621956.0,626498.0,522700.0,556213.0,577645.0,492879.0,491655.0,561947.0,615556.0,659407.6666666666,624896.1666666666
Gran Canaria,2024-04-01,abril,2024,4,578511,0.8660254037844387,-0.4999999999999998,5,722702.0,658274.0,629857.0,690092.0,621956.0,626498.0,522700.0,556213.0,577645.0,492879.0,491655.0,561947.0,670277.6666666666,658229.8333333334
Gran Canaria,2024-05-01,mayo,2024,5,537235,0.49999999999999994,-0.8660254037844387,5,578511.0,722702.0,658274.0,629857.0,690092.0,621956.0,626498.0,522700.0,556213.0,577645.0,492879.0,491655.0,653162.3333333334,650232.0
Gran Canaria,2024-06-01,junio,2024,6,556408,1.2246467991473532e-16,-1.0,5,537235.0,578511.0,722702.0,658274.0,629857.0,690092.0,621956.0,626498.0,522700.0,556213.0,577645.0,492879.0,612816.0,636111.8333333334
Gran Canaria,2024-07-01,julio,2024,7,611351,-0.4999999999999997,-0.8660254037844388,5,556408.0,537235.0,578511.0,722702.0,658274.0,629857.0,690092.0,621956.0,626498.0,522700.0,556213.0,577645.0,557384.6666666666,613831.1666666666
Gran Canaria,2024-08-01,agosto,2024,8,597965,-0.8660254037844385,-0.5000000000000004,5,611351.0,556408.0,537235.0,578511.0,722702.0,658274.0,629857.0,690092.0,621956.0,626498.0,522700.0,556213.0,568331.3333333334,610746.8333333334
Gran Canaria,2024-09-01,septiembre,2024,9,559241,-1.0,-1.8369701987210297e-16,5,597965.0,611351.0,556408.0,537235.0,578511.0,722702.0,658274.0,629857.0,690092.0,621956.0,626498.0,522700.0,588574.6666666666,600695.3333333334
Gran Canaria,2024-10-01,octubre,2024,10,668803,-0.8660254037844386,0.5000000000000001,5,559241.0,597965.0,611351.0,556408.0,537235.0,578511.0,722702.0,658274.0,629857.0,690092.0,621956.0,626498.0,589519.0,573451.8333333334
Gran Canaria,2024-11-01,noviembre,2024,11,703520,-0.5000000000000004,0.8660254037844384,5,668803.0,559241.0,597965.0,611351.0,556408.0,537235.0,578511.0,722702.0,658274.0,629857.0,690092.0,621956.0,608669.6666666666,588500.5
Gran Canaria,2024-12-01,diciembre,2024,12,744752,-2.4492935982947064e-16,1.0,5,703520.0,668803.0,559241.0,597965.0,611351.0,556408.0,537235.0,578511.0,722702.0,658274.0,629857.0,690092.0,643854.6666666666,616214.6666666666
Gran Canaria,2025-01-01,enero,2025,1,664699,0.49999999999999994,0.8660254037844387,6,744752.0,703520.0,668803.0,559241.0,597965.0,611351.0,556408.0,537235.0,578511.0,722702.0,658274.0,629857.0,705691.6666666666,647605.3333333334
Gran Canaria,2025-02-01,febrero,2025,2,665401,0.8660254037844386,0.5000000000000001,6,664699.0,744752.0,703520.0,668803.0,559241.0,597965.0,611351.0,556408.0,537235.0,578511.0,722702.0,658274.0,704323.6666666666,656496.6666666666
Gran Canaria,2025-03-01,marzo,2025,3,722082,1.0,6.123233995736766e-17,6,665401.0,664699.0,744752.0,703520.0,668803.0,559241.0,597965.0,611351.0,556408.0,537235.0,578511.0,722702.0,691617.3333333334,667736.0
Gran Canaria,2025-04-01,abril,2025,4,658845,0.8660254037844387,-0.4999999999999998,6,722082.0,665401.0,664699.0,744752.0,703520.0,668803.0,559241.0,597965.0,611351.0,556408.0,537235.0,578511.0,684060.6666666666,694876.1666666666
Gran Canaria,2025-05-01,mayo,2025,5,569871,0.49999999999999994,-0.8660254037844387,6,658845.0,722082.0,665401.0,664699.0,744752.0,703520.0,668803.0,559241.0,597965.0,611351.0,556408.0,537235.0,682109.3333333334,693216.5
Gran Canaria,2025-06-01,junio,2025,6,590021,1.2246467991473532e-16,-1.0,6,569871.0,658845.0,722082.0,665401.0,664699.0,744752.0,703520.0,668803.0,559241.0,597965.0,611351.0,556408.0,650266.0,670941.6666666666
Gran Canaria,2025-07-01,julio,2025,7,649804,-0.4999999999999997,-0.8660254037844388,6,590021.0,569871.0,658845.0,722082.0,665401.0,664699.0,744752.0,703520.0,668803.0,559241.0,597965.0,611351.0,606245.6666666666,645153.1666666666
Gran Canaria,2025-08-01,agosto,2025,8,634679,-0.8660254037844385,-0.5000000000000004,6,649804.0,590021.0,569871.0,658845.0,722082.0,665401.0,664699.0,744752.0,703520.0,668803.0,559241.0,597965.0,603232.0,642670.6666666666
Gran Canaria,2025-09-01,septiembre,2025,9,588899,-1.0,-1.8369701987210297e-16,6,634679.0,649804.0,590021.0,569871.0,658845.0,722082.0,665401.0,664699.0,744752.0,703520.0,668803.0,559241.0,624834.6666666666,637550.3333333334
La Palma,2020-01-01,enero,2020,1,57421,0.49999999999999994,0.8660254037844387,1,66931.0,61779.0,60131.0,57265.0,64441.0,66060.0,57679.0,57150.0,61156.0,66522.0,55525.0,55029.0,62947.0,62767.833333333336
La Palma,2020-02-01,febrero,2020,2,57172,0.8660254037844386,0.5000000000000001,1,57421.0,66931.0,61779.0,60131.0,57265.0,64441.0,66060.0,57679.0,57150.0,61156.0,66522.0,55525.0,62043.666666666664,61328.0
La Palma,2020-03-01,marzo,2020,3,27420,1.0,6.123233995736766e-17,1,57172.0,57421.0,66931.0,61779.0,60131.0,57265.0,64441.0,66060.0,57679.0,57150.0,61156.0,66522.0,60508.0,60116.5
La Palma,2020-04-01,abril,2020,4,1150,0.8660254037844387,-0.4999999999999998,1,27420.0,57172.0,57421.0,66931.0,61779.0,60131.0,57265.0,64441.0,66060.0,57679.0,57150.0,61156.0,47337.666666666664,55142.333333333336
La Palma,2020-05-01,mayo,2020,5,2469,0.49999999999999994,-0.8660254037844387,1,1150.0,27420.0,57172.0,57421.0,66931.0,61779.0,60131.0,57265.0,64441.0,66060.0,57679.0,57150.0,28580.666666666668,45312.166666666664
La Palma,2020-06-01,junio,2020,6,12816,1.2246467991473532e-16,-1.0,1,2469.0,1150.0,27420.0,57172.0,57421.0,66931.0,61779.0,60131.0,57265.0,64441.0,66060.0,57679.0,10346.333333333334,35427.166666666664
La Palma,2020-07-01,julio,2020,7,36603,-0.4999999999999997,-0.8660254037844388,1,12816.0,2469.0,1150.0,27420.0,57172.0,57421.0,66931.0,61779.0,60131.0,57265.0,64441.0,66060.0,5478.333333333333,26408.0
La Palma,2020-08-01,agosto,2020,8,43489,-0.8660254037844385,-0.5000000000000004,1,36603.0,12816.0,2469.0,1150.0,27420.0,57172.0,57421.0,66931.0,61779.0,60131.0,57265.0,64441.0,17296.0,22938.333333333332
La Palma,2020-09-01,septiembre,2020,9,29192,-1.0,-1.8369701987210297e-16,1,43489.0,36603.0,12816.0,2469.0,1150.0,27420.0,57172.0,57421.0,66931.0,61779.0,60131.0,57265.0,30969.333333333332,20657.833333333332
La Palma,2020-10-01,octubre,2020,10,28832,-0.8660254037844386,0.5000000000000001,1,29192.0,43489.0,36603.0,12816.0,2469.0,1150.0,27420.0,57172.0,57421.0,66931.0,61779.0,60131.0,36428.0,20953.166666666668
La Palma,2020-11-01,noviembre,2020,11,28123,-0.5000000000000004,0.8660254037844384,1,28832.0,29192.0,43489.0,36603.0,12816.0,2469.0,1150.0,27420.0,57172.0,57421.0,66931.0,61779.0,33837.666666666664,25566.833333333332
La Palma,2020-12-01,diciembre,2020,12,29544,-2.4492935982947064e-16,1.0,1,28123.0,28832.0,29192.0,43489.0,36603.0,12816.0,2469.0,1150.0,27420.0,57172.0,57421.0,66931.0,28715.666666666668,29842.5
La Palma,2021-01-01,enero,2021,1,17362,0.49999999999999994,0.8660254037844387,2,29544.0,28123.0,28832.0,29192.0,43489.0,36603.0,12816.0,2469.0,1150.0,27420.0,57172.0,57421.0,28833.0,32630.5
La Palma,2021-02-01,febrero,2021,2,19680,0.8660254037844386,0.5000000000000001,2,17362.0,29544.0,28123.0,28832.0,29192.0,43489.0,36603.0,12816.0,2469.0,1150.0,27420.0,57172.0,25009.666666666668,29423.666666666668
La Palma,2021-03-01,marzo,2021,3,27250,1.0,6.123233995736766e-17,2,19680.0,17362.0,29544.0,28123.0,28832.0,29192.0,43489.0,36603.0,12816.0,2469.0,1150.0,27420.0,22195.333333333332,25455.5
La Palma,2021-04-01,abril,2021,4,22933,0.8660254037844387,-0.4999999999999998,2,27250.0,19680.0,17362.0,29544.0,28123.0,28832.0,29192.0,43489.0,36603.0,12816.0,2469.0,1150.0,21430.666666666668,25131.833333333332
La Palma,2021-05-01,mayo,2021,5,32196,0.49999999999999994,-0.8660254037844387,2,22933.0,27250.0,19680.0,17362.0,29544.0,28123.0,28832.0,29192.0,43489.0,36603.0,12816.0,2469.0,23287.666666666668,24148.666666666668
La Palma,2021-06-01,junio,2021,6,40218,1.2246467991473532e-16,-1.0,2,32196.0,22933.0,27250.0,19680.0,17362.0,29544.0,28123.0,28832.0,29192.0,43489.0,36603.0,12816.0,27459.666666666668,24827.5
La Palma,2021-07-01,julio,2021,7,51709,-0.4999999999999997,-0.8660254037844388,2,40218.0,32196.0,22933.0,27250.0,19680.0,17362.0,29544.0,28123.0,28832.0,29192.0,43489.0,36603.0,31782.333333333332,26606.5
La Palma,2021-08-01,agosto,2021,8,54381,-0.8660254037844385,-0.5000000000000004,2,51709.0,40218.0,32196.0,22933.0,27250.0,19680.0,17362.0,29544.0,28123.0,28832.0,29192.0,43489.0,41374.333333333336,32331.0
La Palma,2021-09-01,septiembre,2021,9,37319,-1.0,-1.8369701987210297e-16,2,54381.0,51709.0,40218.0,32196.0,22933.0,27250.0,19680.0,17362.0,29544.0,28123.0,28832.0,29192.0,48769.333333333336,38114.5
La Palma,2021-10-01,octubre,2021,10,21379,-0.8660254037844386,0.5000000000000001,2,37319.0,54381.0,51709.0,40218.0,32196.0,22933.0,27250.0,19680.0,17362.0,29544.0,28123.0,28832.0,47803.0,39792.666666666664
La Palma,2021-11-01,noviembre,2021,11,17725,-0.5000000000000004,0.8660254037844384,2,21379.0,37319.0,54381.0,51709.0,40218.0,32196.0,22933.0,27250.0,19680.0,17362.0,29544.0,28123.0,37693.0,39533.666666666664
La Palma,2021-12-01,diciembre,2021,12,31198,-2.4492935982947064e-16,1.0,2,17725.0,21379.0,37319.0,54381.0,51709.0,40218.0,32196.0,22933.0,27250.0,19680.0,17362.0,29544.0,25474.333333333332,37121.833333333336
La Palma,2022-01-01,enero,2022,1,27557,0.49999999999999994,0.8660254037844387,3,31198.0,17725.0,21379.0,37319.0,54381.0,51709.0,40218.0,32196.0,22933.0,27250.0,19680.0,17362.0,23434.0,35618.5
La Palma,2022-02-01,febrero,2022,2,35443,0.8660254037844386,0.5000000000000001,3,27557.0,31198.0,17725.0,21379.0,37319.0,54381.0,51709.0,40218.0,32196.0,22933.0,27250.0,19680.0,25493.333333333332,31593.166666666668
La Palma,2022-03-01,marzo,2022,3,43387,1.0,6.123233995736766e-17,3,35443.0,27557.0,31198.0,17725.0,21379.0,37319.0,54381.0,51709.0,40218.0,32196.0,22933.0,27250.0,31399.333333333332,28436.833333333332
La Palma,2022-04-01,abril,2022,4,55239,0.8660254037844387,-0.4999999999999998,3,43387.0,35443.0,27557.0,31198.0,17725.0,21379.0,37319.0,54381.0,51709.0,40218.0,32196.0,22933.0,35462.333333333336,29448.166666666668
La Palma,2022-05-01,mayo,2022,5,52756,0.49999999999999994,-0.8660254037844387,3,55239.0,43387.0,35443.0,27557.0,31198.0,17725.0,21379.0,37319.0,54381.0,51709.0,40218.0,32196.0,44689.666666666664,35091.5
La Palma,2022-06-01,junio,2022,6,57347,1.2246467991473532e-16,-1.0,3,52756.0,55239.0,43387.0,35443.0,27557.0,31198.0,17725.0,21379.0,37319.0,54381.0,51709.0,40218.0,50460.666666666664,40930.0
La Palma,2022-07-01,julio,2022,7,68645,-0.4999999999999997,-0.8660254037844388,3,57347.0,52756.0,55239.0,43387.0,35443.0,27557.0,31198.0,17725.0,21379.0,37319.0,54381.0,51709.0,55114.0,45288.166666666664
La Palma,2022-08-01,agosto,2022,8,66583,-0.8660254037844385,-0.5000000000000004,3,68645.0,57347.0,52756.0,55239.0,43387.0,35443.0,27557.0,31198.0,17725.0,21379.0,37319.0,54381.0,59582.666666666664,52136.166666666664
La Palma,2022-09-01,septiembre,2022,9,55197,-1.0,-1.8369701987210297e-16,3,66583.0,68645.0,57347.0,52756.0,55239.0,43387.0,35443.0,27557.0,31198.0,17725.0,21379.0,37319.0,64191.666666666664,57326.166666666664
La Palma,2022-10-01,octubre,2022,10,63471,-0.8660254037844386,0.5000000000000001,3,55197.0,66583.0,68645.0,57347.0,52756.0,55239.0,43387.0,35443.0,27557.0,31198.0,17725.0,21379.0,63475.0,59294.5
La Palma,2022-11-01,noviembre,2022,11,55788,-0.5000000000000004,0.8660254037844384,3,63471.0,55197.0,66583.0,68645.0,57347.0,52756.0,55239.0,43387.0,35443.0,27557.0,31198.0,17725.0,61750.333333333336,60666.5
La Palma,2022-12-01,diciembre,2022,12,59869,-2.4492935982947064e-16,1.0,3,55788.0,63471.0,55197.0,66583.0,68645.0,57347.0,52756.0,55239.0,43387.0,35443.0,27557.0,31198.0,58152.0,61171.833333333336
La Palma,2023-01-01,enero,2023,1,48009,0.49999999999999994,0.8660254037844387,4,59869.0,55788.0,63471.0,55197.0,66583.0,68645.0,57347.0,52756.0,55239.0,43387.0,35443.0,27557.0,59709.333333333336,61592.166666666664
La Palma,2023-02-01,febrero,2023,2,51015,0.8660254037844386,0.5000000000000001,4,48009.0,59869.0,55788.0,63471.0,55197.0,66583.0,68645.0,57347.0,52756.0,55239.0,43387.0,35443.0,54555.333333333336,58152.833333333336
La Palma,2023-03-01,marzo,2023,3,58522,1.0,6.123233995736766e-17,4,51015.0,48009.0,59869.0,55788.0,63471.0,55197.0,66583.0,68645.0,57347.0,52756.0,55239.0,43387.0,52964.333333333336,55558.166666666664
La Palma,2023-04-01,abril,2023,4,56247,0.8660254037844387,-0.4999999999999998,4,58522.0,51015.0,48009.0,59869.0,55788.0,63471.0,55197.0,66583.0,68645.0,57347.0,52756.0,55239.0,52515.333333333336,56112.333333333336
La Palma,2023-05-01,mayo,2023,5,53051,0.49999999999999994,-0.8660254037844387,4,56247.0,58522.0,51015.0,48009.0,59869.0,55788.0,63471.0,55197.0,66583.0,68645.0,57347.0,52756.0,55261.333333333336,54908.333333333336
La Palma,2023-06-01,junio,2023,6,50272,1.2246467991473532e-16,-1.0,4,53051.0,56247.0,58522.0,51015.0,48009.0,59869.0,55788.0,63471.0,55197.0,66583.0,68645.0,57347.0,55940.0,54452.166666666664
La Palma,2023-07-01,julio,2023,7,63654,-0.4999999999999997,-0.8660254037844388,4,50272.0,53051.0,56247.0,58522.0,51015.0,48009.0,59869.0,55788.0,63471.0,55197.0,66583.0,68645.0,53190.0,52852.666666666664
La Palma,2023-08-01,agosto,2023,8,60815,-0.8660254037844385,-0.5000000000000004,4,63654.0,50272.0,53051.0,56247.0,58522.0,51015.0,48009.0,59869.0,55788.0,63471.0,55197.0,66583.0,55659.0,55460.166666666664
La Palma,2023-09-01,septiembre,2023,9,55649,-1.0,-1.8369701987210297e-16,4,60815.0,63654.0,50272.0,53051.0,56247.0,58522.0,51015.0,48009.0,59869.0,55788.0,63471.0,55197.0,58247.0,57093.5
La Palma,2023-10-01,octubre,2023,10,58152,-0.8660254037844386,0.5000000000000001,4,55649.0,60815.0,63654.0,50272.0,53051.0,56247.0,58522.0,51015.0,48009.0,59869.0,55788.0,63471.0,60039.333333333336,56614.666666666664
La Palma,2023-11-01,noviembre,2023,11,60122,-0.5000000000000004,0.8660254037844384,4,58152.0,55649.0,60815.0,63654.0,50272.0,53051.0,56247.0,58522.0,51015.0,48009.0,59869.0,55788.0,58205.333333333336,56932.166666666664
La Palma,2023-12-01,diciembre,2023,12,66561,-2.4492935982947064e-16,1.0,4,60122.0,58152.0,55649.0,60815.0,63654.0,50272.0,53051.0,56247.0,58522.0,51015.0,48009.0,59869.0,57974.333333333336,58110.666666666664
La Palma,2024-01-01,enero,2024,1,55115,0.49999999999999994,0.8660254037844387,5,66561.0,60122.0,58152.0,55649.0,60815.0,63654.0,50272.0,53051.0,56247.0,58522.0,51015.0,48009.0,61611.666666666664,60825.5
La Palma,2024-02-01,febrero,2024,2,59128,0.8660254037844386,0.5000000000000001,5,55115.0,66561.0,60122.0,58152.0,55649.0,60815.0,63654.0,50272.0,53051.0,56247.0,58522.0,51015.0,60599.333333333336,59402.333333333336
La Palma,2024-03-01,marzo,2024,3,69126,1.0,6.123233995736766e-17,5,59128.0,55115.0,66561.0,60122.0,58152.0,55649.0,60815.0,63654.0,50272.0,53051.0,56247.0,58522.0,60268.0,59121.166666666664
La Palma,2024-04-01,abril,2024,4,56281,0.8660254037844387,-0.4999999999999998,5,69126.0,59128.0,55115.0,66561.0,60122.0,58152.0,55649.0,60815.0,63654.0,50272.0,53051.0,56247.0,61123.0,61367.333333333336
La Palma,2024-05-01,mayo,2024,5,58911,0.49999999999999994,-0.8660254037844387,5,56281.0,69126.0,59128.0,55115.0,66561.0,60122.0,58152.0,55649.0,60815.0,63654.0,50272.0,53051.0,61511.666666666664,61055.5
La Palma,2024-06-01,junio,2024,6,245430,1.2246467991473532e-16,-1.0,5,58911.0,56281.0,69126.0,59128.0,55115.0,66561.0,60122.0,58152.0,55649.0,60815.0,63654.0,50272.0,61439.333333333336,60853.666666666664
La Palma,2024-07-01,julio,2024,7,67084,-0.4999999999999997,-0.8660254037844388,5,245430.0,58911.0,56281.0,69126.0,59128.0,55115.0,66561.0,60122.0,58152.0,55649.0,60815.0,63654.0,120207.33333333333,90665.16666666667
La Palma,2024-08-01,agosto,2024,8,68583,-0.8660254037844385,-0.5000000000000004,5,67084.0,245430.0,58911.0,56281.0,69126.0,59128.0,55115.0,66561.0,60122.0,58152.0,55649.0,60815.0,123808.33333333333,92660.0
La Palma,2024-09-01,septiembre,2024,9,57983,-1.0,-1.8369701987210297e-16,5,68583.0,67084.0,245430.0,58911.0,56281.0,69126.0,59128.0,55115.0,66561.0,60122.0,58152.0,55649.0,127032.33333333333,94235.83333333333
La Palma,2024-10-01,octubre,2024,10,61361,-0.8660254037844386,0.5000000000000001,5,57983.0,68583.0,67084.0,245430.0,58911.0,56281.0,69126.0,59128.0,55115.0,66561.0,60122.0,58152.0,64550.0,92378.66666666667
La Palma,2024-11-01,noviembre,2024,11,64431,-0.5000000000000004,0.8660254037844384,5,61361.0,57983.0,68583.0,67084.0,245430.0,58911.0,56281.0,69126.0,59128.0,55115.0,66561.0,60122.0,62642.333333333336,93225.33333333333
La Palma,2024-12-01,diciembre,2024,12,69209,-2.4492935982947064e-16,1.0,5,64431.0,61361.0,57983.0,68583.0,67084.0,245430.0,58911.0,56281.0,69126.0,59128.0,55115.0,66561.0,61258.333333333336,94145.33333333333
La Palma,2025-01-01,enero,2025,1,60693,0.49999999999999994,0.8660254037844387,6,69209.0,64431.0,61361.0,57983.0,68583.0,67084.0,245430.0,58911.0,56281.0,69126.0,59128.0,55115.0,65000.333333333336,64775.166666666664
La Palma,2025-02-01,febrero,2025,2,59655,0.8660254037844386,0.5000000000000001,6,60693.0,69209.0,64431.0,61361.0,57983.0,68583.0,67084.0,245430.0,58911.0,56281.0,69126.0,59128.0,64777.666666666664,63710.0
La Palma,2025-03-01,marzo,2025,3,67353,1.0,6.123233995736766e-17,6,59655.0,60693.0,69209.0,64431.0,61361.0,57983.0,68583.0,67084.0,245430.0,58911.0,56281.0,69126.0,63185.666666666664,62222.0
La Palma,2025-04-01,abril,2025,4,63557,0.8660254037844387,-0.4999999999999998,6,67353.0,59655.0,60693.0,69209.0,64431.0,61361.0,57983.0,68583.0,67084.0,245430.0,58911.0,56281.0,62567.0,63783.666666666664
La Palma,2025-05-01,mayo,2025,5,58163,0.49999999999999994,-0.8660254037844387,6,63557.0,67353.0,59655.0,60693.0,69209.0,64431.0,61361.0,57983.0,68583.0,67084.0,245430.0,58911.0,63521.666666666664,64149.666666666664
La Palma,2025-06-01,junio,2025,6,59188,1.2246467991473532e-16,-1.0,6,58163.0,63557.0,67353.0,59655.0,60693.0,69209.0,64431.0,61361.0,57983.0,68583.0,67084.0,245430.0,63024.333333333336,63105.0
La Palma,2025-07-01,julio,2025,7,68287,-0.4999999999999997,-0.8660254037844388,6,59188.0,58163.0,63557.0,67353.0,59655.0,60693.0,69209.0,64431.0,61361.0,57983.0,68583.0,67084.0,60302.666666666664,61434.833333333336
La Palma,2025-08-01,agosto,2025,8,68405,-0.8660254037844385,-0.5000000000000004,6,68287.0,59188.0,58163.0,63557.0,67353.0,59655.0,60693.0,69209.0,64431.0,61361.0,57983.0,68583.0,61879.333333333336,62700.5
La Palma,2025-09-01,septiembre,2025,9,59437,-1.0,-1.8369701987210297e-16,6,68405.0,68287.0,59188.0,58163.0,63557.0,67353.0,59655.0,60693.0,69209.0,64431.0,61361.0,57983.0,65293.333333333336,64158.833333333336
Lanzarote,2020-01-01,enero,2020,1,251225,0.49999999999999994,0.8660254037844387,1,300137.0,277187.0,308296.0,298307.0,336273.0,331877.0,303454.0,283622.0,309592.0,328728.0,279620.0,269495.0,295206.6666666667,308679.5
Lanzarote,2020-02-01,febrero,2020,2,272091,0.8660254037844386,0.5000000000000001,1,251225.0,300137.0,277187.0,308296.0,298307.0,336273.0,331877.0,303454.0,283622.0,309592.0,328728.0,279620.0,276183.0,295237.5
Lanzarote,2020-03-01,marzo,2020,3,121308,1.0,6.123233995736766e-17,1,272091.0,251225.0,300137.0,277187.0,308296.0,298307.0,336273.0,331877.0,303454.0,283622.0,309592.0,328728.0,274484.3333333333,284540.5
Lanzarote,2020-04-01,abril,2020,4,1484,0.8660254037844387,-0.4999999999999998,1,121308.0,272091.0,251225.0,300137.0,277187.0,308296.0,298307.0,336273.0,331877.0,303454.0,283622.0,309592.0,214874.66666666666,255040.66666666666
Lanzarote,2020-05-01,mayo,2020,5,3974,0.49999999999999994,-0.8660254037844387,1,1484.0,121308.0,272091.0,251225.0,300137.0,277187.0,308296.0,298307.0,336273.0,331877.0,303454.0,283622.0,131627.66666666666,203905.33333333334
Lanzarote,2020-06-01,junio,2020,6,20590,1.2246467991473532e-16,-1.0,1,3974.0,1484.0,121308.0,272091.0,251225.0,300137.0,277187.0,308296.0,298307.0,336273.0,331877.0,303454.0,42255.333333333336,158369.83333333334
Lanzarote,2020-07-01,julio,2020,7,107573,-0.4999999999999997,-0.8660254037844388,1,20590.0,3974.0,1484.0,121308.0,272091.0,251225.0,300137.0,277187.0,308296.0,298307.0,336273.0,331877.0,8682.666666666666,111778.66666666667
Lanzarote,2020-08-01,agosto,2020,8,133284,-0.8660254037844385,-0.5000000000000004,1,107573.0,20590.0,3974.0,1484.0,121308.0,272091.0,251225.0,300137.0,277187.0,308296.0,298307.0,336273.0,44045.666666666664,87836.66666666667
Lanzarote,2020-09-01,septiembre,2020,9,75950,-1.0,-1.8369701987210297e-16,1,133284.0,107573.0,20590.0,3974.0,1484.0,121308.0,272091.0,251225.0,300137.0,277187.0,308296.0,298307.0,87149.0,64702.166666666664
Lanzarote,2020-10-01,octubre,2020,10,87773,-0.8660254037844386,0.5000000000000001,1,75950.0,133284.0,107573.0,20590.0,3974.0,1484.0,121308.0,272091.0,251225.0,300137.0,277187.0,308296.0,105602.33333333333,57142.5
Lanzarote,2020-11-01,noviembre,2020,11,66935,-0.5000000000000004,0.8660254037844384,1,87773.0,75950.0,133284.0,107573.0,20590.0,3974.0,1484.0,121308.0,272091.0,251225.0,300137.0,277187.0,99002.33333333333,71524.0
Lanzarote,2020-12-01,diciembre,2020,12,87278,-2.4492935982947064e-16,1.0,1,66935.0,87773.0,75950.0,133284.0,107573.0,20590.0,3974.0,1484.0,121308.0,272091.0,251225.0,300137.0,76886.0,82017.5
Lanzarote,2021-01-01,enero,2021,1,33168,0.49999999999999994,0.8660254037844387,2,87278.0,66935.0,87773.0,75950.0,133284.0,107573.0,20590.0,3974.0,1484.0,121308.0,272091.0,251225.0,80662.0,93132.16666666667
Lanzarote,2021-02-01,febrero,2021,2,26129,0.8660254037844386,0.5000000000000001,2,33168.0,87278.0,66935.0,87773.0,75950.0,133284.0,107573.0,20590.0,3974.0,1484.0,121308.0,272091.0,62460.333333333336,80731.33333333333
Lanzarote,2021-03-01,marzo,2021,3,42775,1.0,6.123233995736766e-17,2,26129.0,33168.0,87278.0,66935.0,87773.0,75950.0,133284.0,107573.0,20590.0,3974.0,1484.0,121308.0,48858.333333333336,62872.166666666664
Lanzarote,2021-04-01,abril,2021,4,45840,0.8660254037844387,-0.4999999999999998,2,42775.0,26129.0,33168.0,87278.0,66935.0,87773.0,75950.0,133284.0,107573.0,20590.0,3974.0,1484.0,34024.0,57343.0
Lanzarote,2021-05-01,mayo,2021,5,74795,0.49999999999999994,-0.8660254037844387,2,45840.0,42775.0,26129.0,33168.0,87278.0,66935.0,87773.0,75950.0,133284.0,107573.0,20590.0,3974.0,38248.0,50354.166666666664
Lanzarote,2021-06-01,junio,2021,6,103555,1.2246467991473532e-16,-1.0,2,74795.0,45840.0,42775.0,26129.0,33168.0,87278.0,66935.0,87773.0,75950.0,133284.0,107573.0,20590.0,54470.0,51664.166666666664
Lanzarote,2021-07-01,julio,2021,7,181479,-0.4999999999999997,-0.8660254037844388,2,103555.0,74795.0,45840.0,42775.0,26129.0,33168.0,87278.0,66935.0,87773.0,75950.0,133284.0,107573.0,74730.0,54377.0
Lanzarote,2021-08-01,agosto,2021,8,232019,-0.8660254037844385,-0.5000000000000004,2,181479.0,103555.0,74795.0,45840.0,42775.0,26129.0,33168.0,87278.0,66935.0,87773.0,75950.0,133284.0,119943.0,79095.5
Lanzarote,2021-09-01,septiembre,2021,9,207163,-1.0,-1.8369701987210297e-16,2,232019.0,181479.0,103555.0,74795.0,45840.0,42775.0,26129.0,33168.0,87278.0,66935.0,87773.0,75950.0,172351.0,113410.5
Lanzarote,2021-10-01,octubre,2021,10,276978,-0.8660254037844386,0.5000000000000001,2,207163.0,232019.0,181479.0,103555.0,74795.0,45840.0,42775.0,26129.0,33168.0,87278.0,66935.0,87773.0,206887.0,140808.5
Lanzarote,2021-11-01,noviembre,2021,11,257347,-0.5000000000000004,0.8660254037844384,2,276978.0,207163.0,232019.0,181479.0,103555.0,74795.0,45840.0,42775.0,26129.0,33168.0,87278.0,66935.0,238720.0,179331.5
Lanzarote,2021-12-01,diciembre,2021,12,239635,-2.4492935982947064e-16,1.0,2,257347.0,276978.0,207163.0,232019.0,181479.0,103555.0,74795.0,45840.0,42775.0,26129.0,33168.0,87278.0,247162.66666666666,209756.83333333334
Lanzarote,2022-01-01,enero,2022,1,186515,0.49999999999999994,0.8660254037844387,3,239635.0,257347.0,276978.0,207163.0,232019.0,181479.0,103555.0,74795.0,45840.0,42775.0,26129.0,33168.0,257986.66666666666,232436.83333333334
Lanzarote,2022-02-01,febrero,2022,2,252679,0.8660254037844386,0.5000000000000001,3,186515.0,239635.0,257347.0,276978.0,207163.0,232019.0,181479.0,103555.0,74795.0,45840.0,42775.0,26129.0,227832.33333333334,233276.16666666666
Lanzarote,2022-03-01,marzo,2022,3,299429,1.0,6.123233995736766e-17,3,252679.0,186515.0,239635.0,257347.0,276978.0,207163.0,232019.0,181479.0,103555.0,74795.0,45840.0,42775.0,226276.33333333334,236719.5
Lanzarote,2022-04-01,abril,2022,4,318605,0.8660254037844387,-0.4999999999999998,3,299429.0,252679.0,186515.0,239635.0,257347.0,276978.0,207163.0,232019.0,181479.0,103555.0,74795.0,45840.0,246207.66666666666,252097.16666666666
Lanzarote,2022-05-01,mayo,2022,5,289353,0.49999999999999994,-0.8660254037844387,3,318605.0,299429.0,252679.0,186515.0,239635.0,257347.0,276978.0,207163.0,232019.0,181479.0,103555.0,74795.0,290237.6666666667,259035.0
Lanzarote,2022-06-01,junio,2022,6,302029,1.2246467991473532e-16,-1.0,3,289353.0,318605.0,299429.0,252679.0,186515.0,239635.0,257347.0,276978.0,207163.0,232019.0,181479.0,103555.0,302462.3333333333,264369.3333333333
Lanzarote,2022-07-01,julio,2022,7,355753,-0.4999999999999997,-0.8660254037844388,3,302029.0,289353.0,318605.0,299429.0,252679.0,186515.0,239635.0,257347.0,276978.0,207163.0,232019.0,181479.0,303329.0,274768.3333333333
Lanzarote,2022-08-01,agosto,2022,8,353975,-0.8660254037844385,-0.5000000000000004,3,355753.0,302029.0,289353.0,318605.0,299429.0,252679.0,186515.0,239635.0,257347.0,276978.0,207163.0,232019.0,315711.6666666667,302974.6666666667
Lanzarote,2022-09-01,septiembre,2022,9,305805,-1.0,-1.8369701987210297e-16,3,353975.0,355753.0,302029.0,289353.0,318605.0,299429.0,252679.0,186515.0,239635.0,257347.0,276978.0,207163.0,337252.3333333333,319857.3333333333
Lanzarote,2022-10-01,octubre,2022,10,343050,-0.8660254037844386,0.5000000000000001,3,305805.0,353975.0,355753.0,302029.0,289353.0,318605.0,299429.0,252679.0,186515.0,239635.0,257347.0,276978.0,338511.0,320920.0
Lanzarote,2022-11-01,noviembre,2022,11,306410,-0.5000000000000004,0.8660254037844384,3,343050.0,305805.0,353975.0,355753.0,302029.0,289353.0,318605.0,299429.0,252679.0,186515.0,239635.0,257347.0,334276.6666666667,324994.1666666667
Lanzarote,2022-12-01,diciembre,2022,12,336927,-2.4492935982947064e-16,1.0,3,306410.0,343050.0,305805.0,353975.0,355753.0,302029.0,289353.0,318605.0,299429.0,252679.0,186515.0,239635.0,318421.6666666667,327837.0
Lanzarote,2023-01-01,enero,2023,1,299611,0.49999999999999994,0.8660254037844387,4,336927.0,306410.0,343050.0,305805.0,353975.0,355753.0,302029.0,289353.0,318605.0,299429.0,252679.0,186515.0,328795.6666666667,333653.3333333333
Lanzarote,2023-02-01,febrero,2023,2,311131,0.8660254037844386,0.5000000000000001,4,299611.0,336927.0,306410.0,343050.0,305805.0,353975.0,355753.0,302029.0,289353.0,318605.0,299429.0,252679.0,314316.0,324296.3333333333
Lanzarote,2023-03-01,marzo,2023,3,341081,1.0,6.123233995736766e-17,4,311131.0,299611.0,336927.0,306410.0,343050.0,305805.0,353975.0,355753.0,302029.0,289353.0,318605.0,299429.0,315889.6666666667,317155.6666666667
Lanzarote,2023-04-01,abril,2023,4,340746,0.8660254037844387,-0.4999999999999998,4,341081.0,311131.0,299611.0,336927.0,306410.0,343050.0,305805.0,353975.0,355753.0,302029.0,289353.0,318605.0,317274.3333333333,323035.0
Lanzarote,2023-05-01,mayo,2023,5,320007,0.49999999999999994,-0.8660254037844387,4,340746.0,341081.0,311131.0,299611.0,336927.0,306410.0,343050.0,305805.0,353975.0,355753.0,302029.0,289353.0,330986.0,322651.0
Lanzarote,2023-06-01,junio,2023,6,328207,1.2246467991473532e-16,-1.0,4,320007.0,340746.0,341081.0,311131.0,299611.0,336927.0,306410.0,343050.0,305805.0,353975.0,355753.0,302029.0,333944.6666666667,324917.1666666667
Lanzarote,2023-07-01,julio,2023,7,376554,-0.4999999999999997,-0.8660254037844388,4,328207.0,320007.0,340746.0,341081.0,311131.0,299611.0,336927.0,306410.0,343050.0,305805.0,353975.0,355753.0,329653.3333333333,323463.8333333333
Lanzarote,2023-08-01,agosto,2023,8,370718,-0.8660254037844385,-0.5000000000000004,4,376554.0,328207.0,320007.0,340746.0,341081.0,311131.0,299611.0,336927.0,306410.0,343050.0,305805.0,353975.0,341589.3333333333,336287.6666666667
Lanzarote,2023-09-01,septiembre,2023,9,326534,-1.0,-1.8369701987210297e-16,4,370718.0,376554.0,328207.0,320007.0,340746.0,341081.0,311131.0,299611.0,336927.0,306410.0,343050.0,305805.0,358493.0,346218.8333333333
Lanzarote,2023-10-01,octubre,2023,10,364879,-0.8660254037844386,0.5000000000000001,4,326534.0,370718.0,376554.0,328207.0,320007.0,340746.0,341081.0,311131.0,299611.0,336927.0,306410.0,343050.0,357935.3333333333,343794.3333333333
Lanzarote,2023-11-01,noviembre,2023,11,334901,-0.5000000000000004,0.8660254037844384,4,364879.0,326534.0,370718.0,376554.0,328207.0,320007.0,340746.0,341081.0,311131.0,299611.0,336927.0,306410.0,354043.6666666667,347816.5
Lanzarote,2023-12-01,diciembre,2023,12,364363,-2.4492935982947064e-16,1.0,4,334901.0,364879.0,326534.0,370718.0,376554.0,328207.0,320007.0,340746.0,341081.0,311131.0,299611.0,336927.0,342104.6666666667,350298.8333333333
Lanzarote,2024-01-01,enero,2024,1,321159,0.49999999999999994,0.8660254037844387,5,364363.0,334901.0,364879.0,326534.0,370718.0,376554.0,328207.0,320007.0,340746.0,341081.0,311131.0,299611.0,354714.3333333333,356324.8333333333
Lanzarote,2024-02-01,febrero,2024,2,351726,0.8660254037844386,0.5000000000000001,5,321159.0,364363.0,334901.0,364879.0,326534.0,370718.0,376554.0,328207.0,320007.0,340746.0,341081.0,311131.0,340141.0,347092.3333333333
Lanzarote,2024-03-01,marzo,2024,3,395132,1.0,6.123233995736766e-17,5,351726.0,321159.0,364363.0,334901.0,364879.0,326534.0,370718.0,376554.0,328207.0,320007.0,340746.0,341081.0,345749.3333333333,343927.0
Lanzarote,2024-04-01,abril,2024,4,342450,0.8660254037844387,-0.4999999999999998,5,395132.0,351726.0,321159.0,364363.0,334901.0,364879.0,326534.0,370718.0,376554.0,328207.0,320007.0,340746.0,356005.6666666667,355360.0
Lanzarote,2024-05-01,mayo,2024,5,330807,0.49999999999999994,-0.8660254037844387,5,342450.0,395132.0,351726.0,321159.0,364363.0,334901.0,364879.0,326534.0,370718.0,376554.0,328207.0,320007.0,363102.6666666667,351621.8333333333
Lanzarote,2024-06-01,junio,2024,6,344538,1.2246467991473532e-16,-1.0,5,330807.0,342450.0,395132.0,351726.0,321159.0,364363.0,334901.0,364879.0,326534.0,370718.0,376554.0,328207.0,356129.6666666667,350939.5
Lanzarote,2024-07-01,julio,2024,7,379623,-0.4999999999999997,-0.8660254037844388,5,344538.0,330807.0,342450.0,395132.0,351726.0,321159.0,364363.0,334901.0,364879.0,326534.0,370718.0,376554.0,339265.0,347635.3333333333
Lanzarote,2024-08-01,agosto,2024,8,390680,-0.8660254037844385,-0.5000000000000004,5,379623.0,344538.0,330807.0,342450.0,395132.0,351726.0,321159.0,364363.0,334901.0,364879.0,326534.0,370718.0,351656.0,357379.3333333333
Lanzarote,2024-09-01,septiembre,2024,9,347300,-1.0,-1.8369701987210297e-16,5,390680.0,379623.0,344538.0,330807.0,342450.0,395132.0,351726.0,321159.0,364363.0,334901.0,364879.0,326534.0,371613.6666666667,363871.6666666667
Lanzarote,2024-10-01,octubre,2024,10,384926,-0.8660254037844386,0.5000000000000001,5,347300.0,390680.0,379623.0,344538.0,330807.0,342450.0,395132.0,351726.0,321159.0,364363.0,334901.0,364879.0,372534.3333333333,355899.6666666667
Lanzarote,2024-11-01,noviembre,2024,11,364443,-0.5000000000000004,0.8660254037844384,5,384926.0,347300.0,390680.0,379623.0,344538.0,330807.0,342450.0,395132.0,351726.0,321159.0,364363.0,334901.0,374302.0,362979.0
Lanzarote,2024-12-01,diciembre,2024,12,380006,-2.4492935982947064e-16,1.0,5,364443.0,384926.0,347300.0,390680.0,379623.0,344538.0,330807.0,342450.0,395132.0,351726.0,321159.0,364363.0,365556.3333333333,368585.0
Lanzarote,2025-01-01,enero,2025,1,336665,0.49999999999999994,0.8660254037844387,6,380006.0,364443.0,384926.0,347300.0,390680.0,379623.0,344538.0,330807.0,342450.0,395132.0,351726.0,321159.0,376458.3333333333,374496.3333333333
Lanzarote,2025-02-01,febrero,2025,2,354068,0.8660254037844386,0.5000000000000001,6,336665.0,380006.0,364443.0,384926.0,347300.0,390680.0,379623.0,344538.0,330807.0,342450.0,395132.0,351726.0,360371.3333333333,367336.6666666667
Lanzarote,2025-03-01,marzo,2025,3,392278,1.0,6.123233995736766e-17,6,354068.0,336665.0,380006.0,364443.0,384926.0,347300.0,390680.0,379623.0,344538.0,330807.0,342450.0,395132.0,356913.0,361234.6666666667
Lanzarote,2025-04-01,abril,2025,4,367089,0.8660254037844387,-0.4999999999999998,6,392278.0,354068.0,336665.0,380006.0,364443.0,384926.0,347300.0,390680.0,379623.0,344538.0,330807.0,342450.0,361003.6666666667,368731.0
Lanzarote,2025-05-01,mayo,2025,5,344997,0.49999999999999994,-0.8660254037844387,6,367089.0,392278.0,354068.0,336665.0,380006.0,364443.0,384926.0,347300.0,390680.0,379623.0,344538.0,330807.0,371145.0,365758.1666666667
Lanzarote,2025-06-01,junio,2025,6,359253,1.2246467991473532e-16,-1.0,6,344997.0,367089.0,392278.0,354068.0,336665.0,380006.0,364443.0,384926.0,347300.0,390680.0,379623.0,344538.0,368121.3333333333,362517.1666666667
Lanzarote,2025-07-01,julio,2025,7,407837,-0.4999999999999997,-0.8660254037844388,6,359253.0,344997.0,367089.0,392278.0,354068.0,336665.0,380006.0,364443.0,384926.0,347300.0,390680.0,379623.0,357113.0,359058.3333333333
Lanzarote,2025-08-01,agosto,2025,8,404409,-0.8660254037844385,-0.5000000000000004,6,407837.0,359253.0,344997.0,367089.0,392278.0,354068.0,336665.0,380006.0,364443.0,384926.0,347300.0,390680.0,370695.6666666667,370920.3333333333
Lanzarote,2025-09-01,septiembre,2025,9,347759,-1.0,-1.8369701987210297e-16,6,404409.0,407837.0,359253.0,344997.0,367089.0,392278.0,354068.0,336665.0,380006.0,364443.0,384926.0,347300.0,390499.6666666667,379310.5
Tenerife,2020-01-01,enero,2020,1,680734,0.49999999999999994,0.8660254037844387,1,759167.0,721183.0,727644.0,665838.0,725343.0,718965.0,666296.0,634696.0,694300.0,765298.0,672766.0,690148.0,735998.0,719690.0
Tenerife,2020-02-01,febrero,2020,2,668197,0.8660254037844386,0.5000000000000001,1,680734.0,759167.0,721183.0,727644.0,665838.0,725343.0,718965.0,666296.0,634696.0,694300.0,765298.0,672766.0,720361.3333333334,713318.1666666666
Tenerife,2020-03-01,marzo,2020,3,269403,1.0,6.123233995736766e-17,1,668197.0,680734.0,759167.0,721183.0,727644.0,665838.0,725343.0,718965.0,666296.0,634696.0,694300.0,765298.0,702699.3333333334,703793.8333333334
Tenerife,2020-04-01,abril,2020,4,4741,0.8660254037844387,-0.4999999999999998,1,269403.0,668197.0,680734.0,759167.0,721183.0,727644.0,665838.0,725343.0,718965.0,666296.0,634696.0,694300.0,539444.6666666666,637721.3333333334
Tenerife,2020-05-01,mayo,2020,5,11704,0.49999999999999994,-0.8660254037844387,1,4741.0,269403.0,668197.0,680734.0,759167.0,721183.0,727644.0,665838.0,725343.0,718965.0,666296.0,634696.0,314113.6666666667,517237.5
Tenerife,2020-06-01,junio,2020,6,54355,1.2246467991473532e-16,-1.0,1,11704.0,4741.0,269403.0,668197.0,680734.0,759167.0,721183.0,727644.0,665838.0,725343.0,718965.0,666296.0,95282.66666666667,398991.0
Tenerife,2020-07-01,julio,2020,7,250241,-0.4999999999999997,-0.8660254037844388,1,54355.0,11704.0,4741.0,269403.0,668197.0,680734.0,759167.0,721183.0,727644.0,665838.0,725343.0,718965.0,23600.0,281522.3333333333
Tenerife,2020-08-01,agosto,2020,8,288999,-0.8660254037844385,-0.5000000000000004,1,250241.0,54355.0,11704.0,4741.0,269403.0,668197.0,680734.0,759167.0,721183.0,727644.0,665838.0,725343.0,105433.33333333333,209773.5
Tenerife,2020-09-01,septiembre,2020,9,198893,-1.0,-1.8369701987210297e-16,1,288999.0,250241.0,54355.0,11704.0,4741.0,269403.0,668197.0,680734.0,759167.0,721183.0,727644.0,665838.0,197865.0,146573.83333333334
Tenerife,2020-10-01,octubre,2020,10,201533,-0.8660254037844386,0.5000000000000001,1,198893.0,288999.0,250241.0,54355.0,11704.0,4741.0,269403.0,668197.0,680734.0,759167.0,721183.0,727644.0,246044.33333333334,134822.16666666666
Tenerife,2020-11-01,noviembre,2020,11,167515,-0.5000000000000004,0.8660254037844384,1,201533.0,198893.0,288999.0,250241.0,54355.0,11704.0,4741.0,269403.0,668197.0,680734.0,759167.0,721183.0,229808.33333333334,167620.83333333334
Tenerife,2020-12-01,diciembre,2020,12,192515,-2.4492935982947064e-16,1.0,1,167515.0,201533.0,198893.0,288999.0,250241.0,54355.0,11704.0,4741.0,269403.0,668197.0,680734.0,759167.0,189313.66666666666,193589.33333333334
Tenerife,2021-01-01,enero,2021,1,105645,0.49999999999999994,0.8660254037844387,2,192515.0,167515.0,201533.0,198893.0,288999.0,250241.0,54355.0,11704.0,4741.0,269403.0,668197.0,680734.0,187187.66666666666,216616.0
Tenerife,2021-02-01,febrero,2021,2,115086,0.8660254037844386,0.5000000000000001,2,105645.0,192515.0,167515.0,201533.0,198893.0,288999.0,250241.0,54355.0,11704.0,4741.0,269403.0,668197.0,155225.0,192516.66666666666
Tenerife,2021-03-01,marzo,2021,3,150367,1.0,6.123233995736766e-17,2,115086.0,105645.0,192515.0,167515.0,201533.0,198893.0,288999.0,250241.0,54355.0,11704.0,4741.0,269403.0,137748.66666666666,163531.16666666666
Tenerife,2021-04-01,abril,2021,4,150847,0.8660254037844387,-0.4999999999999998,2,150367.0,115086.0,105645.0,192515.0,167515.0,201533.0,198893.0,288999.0,250241.0,54355.0,11704.0,4741.0,123699.33333333333,155443.5
Tenerife,2021-05-01,mayo,2021,5,212128,0.49999999999999994,-0.8660254037844387,2,150847.0,150367.0,115086.0,105645.0,192515.0,167515.0,201533.0,198893.0,288999.0,250241.0,54355.0,11704.0,138766.66666666666,146995.83333333334
Tenerife,2021-06-01,junio,2021,6,273352,1.2246467991473532e-16,-1.0,2,212128.0,150847.0,150367.0,115086.0,105645.0,192515.0,167515.0,201533.0,198893.0,288999.0,250241.0,54355.0,171114.0,154431.33333333334
Tenerife,2021-07-01,julio,2021,7,403216,-0.4999999999999997,-0.8660254037844388,2,273352.0,212128.0,150847.0,150367.0,115086.0,105645.0,192515.0,167515.0,201533.0,198893.0,288999.0,250241.0,212109.0,167904.16666666666
Tenerife,2021-08-01,agosto,2021,8,500492,-0.8660254037844385,-0.5000000000000004,2,403216.0,273352.0,212128.0,150847.0,150367.0,115086.0,105645.0,192515.0,167515.0,201533.0,198893.0,288999.0,296232.0,217499.33333333334
Tenerife,2021-09-01,septiembre,2021,9,479678,-1.0,-1.8369701987210297e-16,2,500492.0,403216.0,273352.0,212128.0,150847.0,150367.0,115086.0,105645.0,192515.0,167515.0,201533.0,198893.0,392353.3333333333,281733.6666666667
Tenerife,2021-10-01,octubre,2021,10,613127,-0.8660254037844386,0.5000000000000001,2,479678.0,500492.0,403216.0,273352.0,212128.0,150847.0,150367.0,115086.0,105645.0,192515.0,167515.0,201533.0,461128.6666666667,336618.8333333333
Tenerife,2021-11-01,noviembre,2021,11,609145,-0.5000000000000004,0.8660254037844384,2,613127.0,479678.0,500492.0,403216.0,273352.0,212128.0,150847.0,150367.0,115086.0,105645.0,192515.0,167515.0,531099.0,413665.5
Tenerife,2021-12-01,diciembre,2021,12,600272,-2.4492935982947064e-16,1.0,2,609145.0,613127.0,479678.0,500492.0,403216.0,273352.0,212128.0,150847.0,150367.0,115086.0,105645.0,192515.0,567316.6666666666,479835.0
Tenerife,2022-01-01,enero,2022,1,489455,0.49999999999999994,0.8660254037844387,3,600272.0,609145.0,613127.0,479678.0,500492.0,403216.0,273352.0,212128.0,150847.0,150367.0,115086.0,105645.0,607514.6666666666,534321.6666666666
Tenerife,2022-02-01,febrero,2022,2,594583,0.8660254037844386,0.5000000000000001,3,489455.0,600272.0,609145.0,613127.0,479678.0,500492.0,403216.0,273352.0,212128.0,150847.0,150367.0,115086.0,566290.6666666666,548694.8333333334
Tenerife,2022-03-01,marzo,2022,3,693256,1.0,6.123233995736766e-17,3,594583.0,489455.0,600272.0,609145.0,613127.0,479678.0,500492.0,403216.0,273352.0,212128.0,150847.0,150367.0,561436.6666666666,564376.6666666666
Tenerife,2022-04-01,abril,2022,4,695010,0.8660254037844387,-0.4999999999999998,3,693256.0,594583.0,489455.0,600272.0,609145.0,613127.0,479678.0,500492.0,403216.0,273352.0,212128.0,150847.0,592431.3333333334,599973.0
Tenerife,2022-05-01,mayo,2022,5,618612,0.49999999999999994,-0.8660254037844387,3,695010.0,693256.0,594583.0,489455.0,600272.0,609145.0,613127.0,479678.0,500492.0,403216.0,273352.0,212128.0,660949.6666666666,613620.1666666666
Tenerife,2022-06-01,junio,2022,6,643934,1.2246467991473532e-16,-1.0,3,618612.0,695010.0,693256.0,594583.0,489455.0,600272.0,609145.0,613127.0,479678.0,500492.0,403216.0,273352.0,668959.3333333334,615198.0
Tenerife,2022-07-01,julio,2022,7,721093,-0.4999999999999997,-0.8660254037844388,3,643934.0,618612.0,695010.0,693256.0,594583.0,489455.0,600272.0,609145.0,613127.0,479678.0,500492.0,403216.0,652518.6666666666,622475.0
Tenerife,2022-08-01,agosto,2022,8,712479,-0.8660254037844385,-0.5000000000000004,3,721093.0,643934.0,618612.0,695010.0,693256.0,594583.0,489455.0,600272.0,609145.0,613127.0,479678.0,500492.0,661213.0,661081.3333333334
Tenerife,2022-09-01,septiembre,2022,9,642299,-1.0,-1.8369701987210297e-16,3,712479.0,721093.0,643934.0,618612.0,695010.0,693256.0,594583.0,489455.0,600272.0,609145.0,613127.0,479678.0,692502.0,680730.6666666666
Tenerife,2022-10-01,octubre,2022,10,759922,-0.8660254037844386,0.5000000000000001,3,642299.0,712479.0,721093.0,643934.0,618612.0,695010.0,693256.0,594583.0,489455.0,600272.0,609145.0,613127.0,691957.0,672237.8333333334
Tenerife,2022-11-01,noviembre,2022,11,758135,-0.5000000000000004,0.8660254037844384,3,759922.0,642299.0,712479.0,721093.0,643934.0,618612.0,695010.0,693256.0,594583.0,489455.0,600272.0,609145.0,704900.0,683056.5
Tenerife,2022-12-01,diciembre,2022,12,810908,-2.4492935982947064e-16,1.0,3,758135.0,759922.0,642299.0,712479.0,721093.0,643934.0,618612.0,695010.0,693256.0,594583.0,489455.0,600272.0,720118.6666666666,706310.3333333334
Tenerife,2023-01-01,enero,2023,1,745587,0.49999999999999994,0.8660254037844387,4,810908.0,758135.0,759922.0,642299.0,712479.0,721093.0,643934.0,618612.0,695010.0,693256.0,594583.0,489455.0,776321.6666666666,734139.3333333334
Tenerife,2023-02-01,febrero,2023,2,737880,0.8660254037844386,0.5000000000000001,4,745587.0,810908.0,758135.0,759922.0,642299.0,712479.0,721093.0,643934.0,618612.0,695010.0,693256.0,594583.0,771543.3333333334,738221.6666666666
Tenerife,2023-03-01,marzo,2023,3,799343,1.0,6.123233995736766e-17,4,737880.0,745587.0,810908.0,758135.0,759922.0,642299.0,712479.0,721093.0,643934.0,618612.0,695010.0,693256.0,764791.6666666666,742455.1666666666
Tenerife,2023-04-01,abril,2023,4,745503,0.8660254037844387,-0.4999999999999998,4,799343.0,737880.0,745587.0,810908.0,758135.0,759922.0,642299.0,712479.0,721093.0,643934.0,618612.0,695010.0,760936.6666666666,768629.1666666666
Tenerife,2023-05-01,mayo,2023,5,686738,0.49999999999999994,-0.8660254037844387,4,745503.0,799343.0,737880.0,745587.0,810908.0,758135.0,759922.0,642299.0,712479.0,721093.0,643934.0,618612.0,760908.6666666666,766226.0
Tenerife,2023-06-01,junio,2023,6,691826,1.2246467991473532e-16,-1.0,4,686738.0,745503.0,799343.0,737880.0,745587.0,810908.0,758135.0,759922.0,642299.0,712479.0,721093.0,643934.0,743861.3333333334,754326.5
Tenerife,2023-07-01,julio,2023,7,765723,-0.4999999999999997,-0.8660254037844388,4,691826.0,686738.0,745503.0,799343.0,737880.0,745587.0,810908.0,758135.0,759922.0,642299.0,712479.0,721093.0,708022.3333333334,734479.5
Tenerife,2023-08-01,agosto,2023,8,747123,-0.8660254037844385,-0.5000000000000004,4,765723.0,691826.0,686738.0,745503.0,799343.0,737880.0,745587.0,810908.0,758135.0,759922.0,642299.0,712479.0,714762.3333333334,737835.5
Tenerife,2023-09-01,septiembre,2023,9,714832,-1.0,-1.8369701987210297e-16,4,747123.0,765723.0,691826.0,686738.0,745503.0,799343.0,737880.0,745587.0,810908.0,758135.0,759922.0,642299.0,734890.6666666666,739376.0
Tenerife,2023-10-01,octubre,2023,10,820630,-0.8660254037844386,0.5000000000000001,4,714832.0,747123.0,765723.0,691826.0,686738.0,745503.0,799343.0,737880.0,745587.0,810908.0,758135.0,759922.0,742559.3333333334,725290.8333333334
Tenerife,2023-11-01,noviembre,2023,11,825918,-0.5000000000000004,0.8660254037844384,4,820630.0,714832.0,747123.0,765723.0,691826.0,686738.0,745503.0,799343.0,737880.0,745587.0,810908.0,758135.0,760861.6666666666,737812.0
Tenerife,2023-12-01,diciembre,2023,12,885638,-2.4492935982947064e-16,1.0,4,825918.0,820630.0,714832.0,747123.0,765723.0,691826.0,686738.0,745503.0,799343.0,737880.0,745587.0,810908.0,787126.6666666666,761008.6666666666
Tenerife,2024-01-01,enero,2024,1,816328,0.49999999999999994,0.8660254037844387,5,885638.0,825918.0,820630.0,714832.0,747123.0,765723.0,691826.0,686738.0,745503.0,799343.0,737880.0,745587.0,844062.0,793310.6666666666
Tenerife,2024-02-01,febrero,2024,2,844485,0.8660254037844386,0.5000000000000001,5,816328.0,885638.0,825918.0,820630.0,714832.0,747123.0,765723.0,691826.0,686738.0,745503.0,799343.0,737880.0,842628.0,801744.8333333334
Tenerife,2024-03-01,marzo,2024,3,934106,1.0,6.123233995736766e-17,5,844485.0,816328.0,885638.0,825918.0,820630.0,714832.0,747123.0,765723.0,691826.0,686738.0,745503.0,799343.0,848817.0,817971.8333333334
Tenerife,2024-04-01,abril,2024,4,790249,0.8660254037844387,-0.4999999999999998,5,934106.0,844485.0,816328.0,885638.0,825918.0,820630.0,714832.0,747123.0,765723.0,691826.0,686738.0,745503.0,864973.0,854517.5
Tenerife,2024-05-01,mayo,2024,5,765110,0.49999999999999994,-0.8660254037844387,5,790249.0,934106.0,844485.0,816328.0,885638.0,825918.0,820630.0,714832.0,747123.0,765723.0,691826.0,686738.0,856280.0,849454.0
Tenerife,2024-06-01,junio,2024,6,784395,1.2246467991473532e-16,-1.0,5,765110.0,790249.0,934106.0,844485.0,816328.0,885638.0,825918.0,820630.0,714832.0,747123.0,765723.0,691826.0,829821.6666666666,839319.3333333334
Tenerife,2024-07-01,julio,2024,7,845444,-0.4999999999999997,-0.8660254037844388,5,784395.0,765110.0,790249.0,934106.0,844485.0,816328.0,885638.0,825918.0,820630.0,714832.0,747123.0,765723.0,779918.0,822445.5
Tenerife,2024-08-01,agosto,2024,8,843109,-0.8660254037844385,-0.5000000000000004,5,845444.0,784395.0,765110.0,790249.0,934106.0,844485.0,816328.0,885638.0,825918.0,820630.0,714832.0,747123.0,798316.3333333334,827298.1666666666
Tenerife,2024-09-01,septiembre,2024,9,791341,-1.0,-1.8369701987210297e-16,5,843109.0,845444.0,784395.0,765110.0,790249.0,934106.0,844485.0,816328.0,885638.0,825918.0,820630.0,714832.0,824316.0,827068.8333333334
Tenerife,2024-10-01,octubre,2024,10,887450,-0.8660254037844386,0.5000000000000001,5,791341.0,843109.0,845444.0,784395.0,765110.0,790249.0,934106.0,844485.0,816328.0,885638.0,825918.0,820630.0,826631.3333333334,803274.6666666666
Tenerife,2024-11-01,noviembre,2024,11,915787,-0.5000000000000004,0.8660254037844384,5,887450.0,791341.0,843109.0,845444.0,784395.0,765110.0,790249.0,934106.0,844485.0,816328.0,885638.0,825918.0,840633.3333333334,819474.8333333334
Tenerife,2024-12-01,diciembre,2024,12,955955,-2.4492935982947064e-16,1.0,5,915787.0,887450.0,791341.0,843109.0,845444.0,784395.0,765110.0,790249.0,934106.0,844485.0,816328.0,885638.0,864859.3333333334,844587.6666666666
Tenerife,2025-01-01,enero,2025,1,877046,0.49999999999999994,0.8660254037844387,6,955955.0,915787.0,887450.0,791341.0,843109.0,845444.0,784395.0,765110.0,790249.0,934106.0,844485.0,816328.0,919730.6666666666,873181.0
Tenerife,2025-02-01,febrero,2025,2,873776,0.8660254037844386,0.5000000000000001,6,877046.0,955955.0,915787.0,887450.0,791341.0,843109.0,845444.0,784395.0,765110.0,790249.0,934106.0,844485.0,916262.6666666666,878448.0
Tenerife,2025-03-01,marzo,2025,3,946722,1.0,6.123233995736766e-17,6,873776.0,877046.0,955955.0,915787.0,887450.0,791341.0,843109.0,845444.0,784395.0,765110.0,790249.0,934106.0,902259.0,883559.1666666666
Tenerife,2025-04-01,abril,2025,4,857507,0.8660254037844387,-0.4999999999999998,6,946722.0,873776.0,877046.0,955955.0,915787.0,887450.0,791341.0,843109.0,845444.0,784395.0,765110.0,790249.0,899181.3333333334,909456.0
Tenerife,2025-05-01,mayo,2025,5,790316,0.49999999999999994,-0.8660254037844387,6,857507.0,946722.0,873776.0,877046.0,955955.0,915787.0,887450.0,791341.0,843109.0,845444.0,784395.0,765110.0,892668.3333333334,904465.5
Tenerife,2025-06-01,junio,2025,6,807025,1.2246467991473532e-16,-1.0,6,790316.0,857507.0,946722.0,873776.0,877046.0,955955.0,915787.0,887450.0,791341.0,843109.0,845444.0,784395.0,864848.3333333334,883553.6666666666
Tenerife,2025-07-01,julio,2025,7,881349,-0.4999999999999997,-0.8660254037844388,6,807025.0,790316.0,857507.0,946722.0,873776.0,877046.0,955955.0,915787.0,887450.0,791341.0,843109.0,845444.0,818282.6666666666,858732.0
Tenerife,2025-08-01,agosto,2025,8,879809,-0.8660254037844385,-0.5000000000000004,6,881349.0,807025.0,790316.0,857507.0,946722.0,873776.0,877046.0,955955.0,915787.0,887450.0,791341.0,843109.0,826230.0,859449.1666666666
Tenerife,2025-09-01,septiembre,2025,9,808976,-1.0,-1.8369701987210297e-16,6,879809.0,881349.0,807025.0,790316.0,857507.0,946722.0,873776.0,877046.0,955955.0,915787.0,887450.0,791341.0,856061.0,860454.6666666666
Total Canarias,2020-01-01,enero,2020,1,1757813,0.49999999999999994,0.8660254037844387,1,1981730.0,1876794.0,1897118.0,1740643.0,1914740.0,1911553.0,1746104.0,1634637.0,1838553.0,2038936.0,1783042.0,1794560.0,1918547.3333333333,1887096.3333333333
Total Canarias,2020-02-01,febrero,2020,2,1784677,0.8660254037844386,0.5000000000000001,1,1757813.0,1981730.0,1876794.0,1897118.0,1740643.0,1914740.0,1911553.0,1746104.0,1634637.0,1838553.0,2038936.0,1783042.0,1872112.3333333333,1861473.0
Total Canarias,2020-03-01,marzo,2020,3,753290,1.0,6.123233995736766e-17,1,1784677.0,1757813.0,1981730.0,1876794.0,1897118.0,1740643.0,1914740.0,1911553.0,1746104.0,1634637.0,1838553.0,2038936.0,1841406.6666666667,1839795.8333333333
Total Canarias,2020-04-01,abril,2020,4,14783,0.8660254037844387,-0.4999999999999998,1,753290.0,1784677.0,1757813.0,1981730.0,1876794.0,1897118.0,1740643.0,1914740.0,1911553.0,1746104.0,1634637.0,1838553.0,1431926.6666666667,1675237.0
Total Canarias,2020-05-01,mayo,2020,5,34553,0.49999999999999994,-0.8660254037844387,1,14783.0,753290.0,1784677.0,1757813.0,1981730.0,1876794.0,1897118.0,1740643.0,1914740.0,1911553.0,1746104.0,1634637.0,850916.6666666666,1361514.5
Total Canarias,2020-06-01,junio,2020,6,155092,1.2246467991473532e-16,-1.0,1,34553.0,14783.0,753290.0,1784677.0,1757813.0,1981730.0,1876794.0,1897118.0,1740643.0,1914740.0,1911553.0,1746104.0,267542.0,1054474.3333333333
Total Canarias,2020-07-01,julio,2020,7,652789,-0.4999999999999997,-0.8660254037844388,1,155092.0,34553.0,14783.0,753290.0,1784677.0,1757813.0,1981730.0,1876794.0,1897118.0,1740643.0,1914740.0,1911553.0,68142.66666666667,750034.6666666666
Total Canarias,2020-08-01,agosto,2020,8,817328,-0.8660254037844385,-0.5000000000000004,1,652789.0,155092.0,34553.0,14783.0,753290.0,1784677.0,1757813.0,1981730.0,1876794.0,1897118.0,1740643.0,1914740.0,280811.3333333333,565864.0
Total Canarias,2020-09-01,septiembre,2020,9,506272,-1.0,-1.8369701987210297e-16,1,817328.0,652789.0,155092.0,34553.0,14783.0,753290.0,1784677.0,1757813.0,1981730.0,1876794.0,1897118.0,1740643.0,541736.3333333334,404639.1666666667
Total Canarias,2020-10-01,octubre,2020,10,537189,-0.8660254037844386,0.5000000000000001,1,506272.0,817328.0,652789.0,155092.0,34553.0,14783.0,753290.0,1784677.0,1757813.0,1981730.0,1876794.0,1897118.0,658796.3333333334,363469.5
Total Canarias,2020-11-01,noviembre,2020,11,473069,-0.5000000000000004,0.8660254037844384,1,537189.0,506272.0,817328.0,652789.0,155092.0,34553.0,14783.0,753290.0,1784677.0,1757813.0,1981730.0,1876794.0,620263.0,450537.1666666667
Total Canarias,2020-12-01,diciembre,2020,12,562866,-2.4492935982947064e-16,1.0,1,473069.0,537189.0,506272.0,817328.0,652789.0,155092.0,34553.0,14783.0,753290.0,1784677.0,1757813.0,1981730.0,505510.0,523623.1666666667
Total Canarias,2021-01-01,enero,2021,1,298110,0.49999999999999994,0.8660254037844387,2,562866.0,473069.0,537189.0,506272.0,817328.0,652789.0,155092.0,34553.0,14783.0,753290.0,1784677.0,1757813.0,524374.6666666666,591585.5
Total Canarias,2021-02-01,febrero,2021,2,284530,0.8660254037844386,0.5000000000000001,2,298110.0,562866.0,473069.0,537189.0,506272.0,817328.0,652789.0,155092.0,34553.0,14783.0,753290.0,1784677.0,444681.6666666667,532472.3333333334
Total Canarias,2021-03-01,marzo,2021,3,408017,1.0,6.123233995736766e-17,2,284530.0,298110.0,562866.0,473069.0,537189.0,506272.0,817328.0,652789.0,155092.0,34553.0,14783.0,753290.0,381835.3333333333,443672.6666666667
Total Canarias,2021-04-01,abril,2021,4,397799,0.8660254037844387,-0.4999999999999998,2,408017.0,284530.0,298110.0,562866.0,473069.0,537189.0,506272.0,817328.0,652789.0,155092.0,34553.0,14783.0,330219.0,427296.8333333333
Total Canarias,2021-05-01,mayo,2021,5,584049,0.49999999999999994,-0.8660254037844387,2,397799.0,408017.0,284530.0,298110.0,562866.0,473069.0,537189.0,506272.0,817328.0,652789.0,155092.0,34553.0,363448.6666666667,404065.1666666667
Total Canarias,2021-06-01,junio,2021,6,755253,1.2246467991473532e-16,-1.0,2,584049.0,397799.0,408017.0,284530.0,298110.0,562866.0,473069.0,537189.0,506272.0,817328.0,652789.0,155092.0,463288.3333333333,422561.8333333333
Total Canarias,2021-07-01,julio,2021,7,1137952,-0.4999999999999997,-0.8660254037844388,2,755253.0,584049.0,397799.0,408017.0,284530.0,298110.0,562866.0,473069.0,537189.0,506272.0,817328.0,652789.0,579033.6666666666,454626.3333333333
Total Canarias,2021-08-01,agosto,2021,8,1370168,-0.8660254037844385,-0.5000000000000004,2,1137952.0,755253.0,584049.0,397799.0,408017.0,284530.0,298110.0,562866.0,473069.0,537189.0,506272.0,817328.0,825751.3333333334,594600.0
Total Canarias,2021-09-01,septiembre,2021,9,1265347,-1.0,-1.8369701987210297e-16,2,1370168.0,1137952.0,755253.0,584049.0,397799.0,408017.0,284530.0,298110.0,562866.0,473069.0,537189.0,506272.0,1087791.0,775539.6666666666
Total Canarias,2021-10-01,octubre,2021,10,1631192,-0.8660254037844386,0.5000000000000001,2,1265347.0,1370168.0,1137952.0,755253.0,584049.0,397799.0,408017.0,284530.0,298110.0,562866.0,473069.0,537189.0,1257822.3333333333,918428.0
Total Canarias,2021-11-01,noviembre,2021,11,1588604,-0.5000000000000004,0.8660254037844384,2,1631192.0,1265347.0,1370168.0,1137952.0,755253.0,584049.0,397799.0,408017.0,284530.0,298110.0,562866.0,473069.0,1422235.6666666667,1123993.5
Total Canarias,2021-12-01,diciembre,2021,12,1581120,-2.4492935982947064e-16,1.0,2,1588604.0,1631192.0,1265347.0,1370168.0,1137952.0,755253.0,584049.0,397799.0,408017.0,284530.0,298110.0,562866.0,1495047.6666666667,1291419.3333333333
Total Canarias,2022-01-01,enero,2022,1,1242342,0.49999999999999994,0.8660254037844387,3,1581120.0,1588604.0,1631192.0,1265347.0,1370168.0,1137952.0,755253.0,584049.0,397799.0,408017.0,284530.0,298110.0,1600305.3333333333,1429063.8333333333
Total Canarias,2022-02-01,febrero,2022,2,1520775,0.8660254037844386,0.5000000000000001,3,1242342.0,1581120.0,1588604.0,1631192.0,1265347.0,1370168.0,1137952.0,755253.0,584049.0,397799.0,408017.0,284530.0,1470688.6666666667,1446462.1666666667
Total Canarias,2022-03-01,marzo,2022,3,1777180,1.0,6.123233995736766e-17,3,1520775.0,1242342.0,1581120.0,1588604.0,1631192.0,1265347.0,1370168.0,1137952.0,755253.0,584049.0,397799.0,408017.0,1448079.0,1471563.3333333333
Total Canarias,2022-04-01,abril,2022,4,1831428,0.8660254037844387,-0.4999999999999998,3,1777180.0,1520775.0,1242342.0,1581120.0,1588604.0,1631192.0,1265347.0,1370168.0,1137952.0,755253.0,584049.0,397799.0,1513432.3333333333,1556868.8333333333
Total Canarias,2022-05-01,mayo,2022,5,1611236,0.49999999999999994,-0.8660254037844387,3,1831428.0,1777180.0,1520775.0,1242342.0,1581120.0,1588604.0,1631192.0,1265347.0,1370168.0,1137952.0,755253.0,584049.0,1709794.3333333333,1590241.5
Total Canarias,2022-06-01,junio,2022,6,1690460,1.2246467991473532e-16,-1.0,3,1611236.0,1831428.0,1777180.0,1520775.0,1242342.0,1581120.0,1588604.0,1631192.0,1265347.0,1370168.0,1137952.0,755253.0,1739948.0,1594013.5
Total Canarias,2022-07-01,julio,2022,7,1955986,-0.4999999999999997,-0.8660254037844388,3,1690460.0,1611236.0,1831428.0,1777180.0,1520775.0,1242342.0,1581120.0,1588604.0,1631192.0,1265347.0,1370168.0,1137952.0,1711041.3333333333,1612236.8333333333
Total Canarias,2022-08-01,agosto,2022,8,1940286,-0.8660254037844385,-0.5000000000000004,3,1955986.0,1690460.0,1611236.0,1831428.0,1777180.0,1520775.0,1242342.0,1581120.0,1588604.0,1631192.0,1265347.0,1370168.0,1752560.6666666667,1731177.5
Total Canarias,2022-09-01,septiembre,2022,9,1713248,-1.0,-1.8369701987210297e-16,3,1940286.0,1955986.0,1690460.0,1611236.0,1831428.0,1777180.0,1520775.0,1242342.0,1581120.0,1588604.0,1631192.0,1265347.0,1862244.0,1801096.0
Total Canarias,2022-10-01,octubre,2022,10,2015580,-0.8660254037844386,0.5000000000000001,3,1713248.0,1940286.0,1955986.0,1690460.0,1611236.0,1831428.0,1777180.0,1520775.0,1242342.0,1581120.0,1588604.0,1631192.0,1869840.0,1790440.6666666667
Total Canarias,2022-11-01,noviembre,2022,11,1945604,-0.5000000000000004,0.8660254037844384,3,2015580.0,1713248.0,1940286.0,1955986.0,1690460.0,1611236.0,1831428.0,1777180.0,1520775.0,1242342.0,1581120.0,1588604.0,1889704.6666666667,1821132.6666666667
Total Canarias,2022-12-01,diciembre,2022,12,2110045,-2.4492935982947064e-16,1.0,3,1945604.0,2015580.0,1713248.0,1940286.0,1955986.0,1690460.0,1611236.0,1831428.0,1777180.0,1520775.0,1242342.0,1581120.0,1891477.3333333333,1876860.6666666667
Total Canarias,2023-01-01,enero,2023,1,1899097,0.49999999999999994,0.8660254037844387,4,2110045.0,1945604.0,2015580.0,1713248.0,1940286.0,1955986.0,1690460.0,1611236.0,1831428.0,1777180.0,1520775.0,1242342.0,2023743.0,1946791.5
Total Canarias,2023-02-01,febrero,2023,2,1907273,0.8660254037844386,0.5000000000000001,4,1899097.0,2110045.0,1945604.0,2015580.0,1713248.0,1940286.0,1955986.0,1690460.0,1611236.0,1831428.0,1777180.0,1520775.0,1984915.3333333333,1937310.0
Total Canarias,2023-03-01,marzo,2023,3,2074654,1.0,6.123233995736766e-17,4,1907273.0,1899097.0,2110045.0,1945604.0,2015580.0,1713248.0,1940286.0,1955986.0,1690460.0,1611236.0,1831428.0,1777180.0,1972138.3333333333,1931807.8333333333
Total Canarias,2023-04-01,abril,2023,4,1950607,0.8660254037844387,-0.4999999999999998,4,2074654.0,1907273.0,1899097.0,2110045.0,1945604.0,2015580.0,1713248.0,1940286.0,1955986.0,1690460.0,1611236.0,1831428.0,1960341.3333333333,1992042.1666666667
Total Canarias,2023-05-01,mayo,2023,5,1772338,0.49999999999999994,-0.8660254037844387,4,1950607.0,2074654.0,1907273.0,1899097.0,2110045.0,1945604.0,2015580.0,1713248.0,1940286.0,1955986.0,1690460.0,1611236.0,1977511.3333333333,1981213.3333333333
Total Canarias,2023-06-01,junio,2023,6,1785800,1.2246467991473532e-16,-1.0,4,1772338.0,1950607.0,2074654.0,1907273.0,1899097.0,2110045.0,1945604.0,2015580.0,1713248.0,1940286.0,1955986.0,1690460.0,1932533.0,1952335.6666666667
Total Canarias,2023-07-01,julio,2023,7,2047699,-0.4999999999999997,-0.8660254037844388,4,1785800.0,1772338.0,1950607.0,2074654.0,1907273.0,1899097.0,2110045.0,1945604.0,2015580.0,1713248.0,1940286.0,1955986.0,1836248.3333333333,1898294.8333333333
Total Canarias,2023-08-01,agosto,2023,8,1994198,-0.8660254037844385,-0.5000000000000004,4,2047699.0,1785800.0,1772338.0,1950607.0,2074654.0,1907273.0,1899097.0,2110045.0,1945604.0,2015580.0,1713248.0,1940286.0,1868612.3333333333,1923061.8333333333
Total Canarias,2023-09-01,septiembre,2023,9,1861996,-1.0,-1.8369701987210297e-16,4,1994198.0,2047699.0,1785800.0,1772338.0,1950607.0,2074654.0,1907273.0,1899097.0,2110045.0,1945604.0,2015580.0,1713248.0,1942565.6666666667,1937549.3333333333
Total Canarias,2023-10-01,octubre,2023,10,2137051,-0.8660254037844386,0.5000000000000001,4,1861996.0,1994198.0,2047699.0,1785800.0,1772338.0,1950607.0,2074654.0,1907273.0,1899097.0,2110045.0,1945604.0,2015580.0,1967964.3333333333,1902106.3333333333
Total Canarias,2023-11-01,noviembre,2023,11,2099619,-0.5000000000000004,0.8660254037844384,4,2137051.0,1861996.0,1994198.0,2047699.0,1785800.0,1772338.0,1950607.0,2074654.0,1907273.0,1899097.0,2110045.0,1945604.0,1997748.3333333333,1933180.3333333333
Total Canarias,2023-12-01,diciembre,2023,12,2272734,-2.4492935982947064e-16,1.0,4,2099619.0,2137051.0,1861996.0,1994198.0,2047699.0,1785800.0,1772338.0,1950607.0,2074654.0,1907273.0,1899097.0,2110045.0,2032888.6666666667,1987727.1666666667
Total Canarias,2024-01-01,enero,2024,1,2063542,0.49999999999999994,0.8660254037844387,5,2272734.0,2099619.0,2137051.0,1861996.0,1994198.0,2047699.0,1785800.0,1772338.0,1950607.0,2074654.0,1907273.0,1899097.0,2169801.3333333335,2068882.8333333333
Total Canarias,2024-02-01,febrero,2024,2,2174856,0.8660254037844386,0.5000000000000001,5,2063542.0,2272734.0,2099619.0,2137051.0,1861996.0,1994198.0,2047699.0,1785800.0,1772338.0,1950607.0,2074654.0,1907273.0,2145298.3333333335,2071523.3333333333
Total Canarias,2024-03-01,marzo,2024,3,2416481,1.0,6.123233995736766e-17,5,2174856.0,2063542.0,2272734.0,2099619.0,2137051.0,1861996.0,1994198.0,2047699.0,1785800.0,1772338.0,1950607.0,2074654.0,2170377.3333333335,2101633.0
Total Canarias,2024-04-01,abril,2024,4,2009663,0.8660254037844387,-0.4999999999999998,5,2416481.0,2174856.0,2063542.0,2272734.0,2099619.0,2137051.0,1861996.0,1994198.0,2047699.0,1785800.0,1772338.0,1950607.0,2218293.0,2194047.1666666665
Total Canarias,2024-05-01,mayo,2024,5,1924628,0.49999999999999994,-0.8660254037844387,5,2009663.0,2416481.0,2174856.0,2063542.0,2272734.0,2099619.0,2137051.0,1861996.0,1994198.0,2047699.0,1785800.0,1772338.0,2200333.3333333335,2172815.8333333335
Total Canarias,2024-06-01,junio,2024,6,1989492,1.2246467991473532e-16,-1.0,5,1924628.0,2009663.0,2416481.0,2174856.0,2063542.0,2272734.0,2099619.0,2137051.0,1861996.0,1994198.0,2047699.0,1785800.0,2116924.0,2143650.6666666665
Total Canarias,2024-07-01,julio,2024,7,2182178,-0.4999999999999997,-0.8660254037844388,5,1989492.0,1924628.0,2009663.0,2416481.0,2174856.0,2063542.0,2272734.0,2099619.0,2137051.0,1861996.0,1994198.0,2047699.0,1974594.3333333333,2096443.6666666667
Total Canarias,2024-08-01,agosto,2024,8,2179842,-0.8660254037844385,-0.5000000000000004,5,2182178.0,1989492.0,1924628.0,2009663.0,2416481.0,2174856.0,2063542.0,2272734.0,2099619.0,2137051.0,1861996.0,1994198.0,2032099.3333333333,2116216.3333333335
Total Canarias,2024-09-01,septiembre,2024,9,2009806,-1.0,-1.8369701987210297e-16,5,2179842.0,2182178.0,1989492.0,1924628.0,2009663.0,2416481.0,2174856.0,2063542.0,2272734.0,2099619.0,2137051.0,1861996.0,2117170.6666666665,2117047.3333333335
Total Canarias,2024-10-01,octubre,2024,10,2285857,-0.8660254037844386,0.5000000000000001,5,2009806.0,2179842.0,2182178.0,1989492.0,1924628.0,2009663.0,2416481.0,2174856.0,2063542.0,2272734.0,2099619.0,2137051.0,2123942.0,2049268.1666666667
Total Canarias,2024-11-01,noviembre,2024,11,2333838,-0.5000000000000004,0.8660254037844384,5,2285857.0,2009806.0,2179842.0,2182178.0,1989492.0,1924628.0,2009663.0,2416481.0,2174856.0,2063542.0,2272734.0,2099619.0,2158501.6666666665,2095300.5
Total Canarias,2024-12-01,diciembre,2024,12,2439631,-2.4492935982947064e-16,1.0,5,2333838.0,2285857.0,2009806.0,2179842.0,2182178.0,1989492.0,1924628.0,2009663.0,2416481.0,2174856.0,2063542.0,2272734.0,2209833.6666666665,2163502.1666666665
Total Canarias,2025-01-01,enero,2025,1,2200971,0.49999999999999994,0.8660254037844387,6,2439631.0,2333838.0,2285857.0,2009806.0,2179842.0,2182178.0,1989492.0,1924628.0,2009663.0,2416481.0,2174856.0,2063542.0,2353108.6666666665,2238525.3333333335
Total Canarias,2025-02-01,febrero,2025,2,2231870,0.8660254037844386,0.5000000000000001,6,2200971.0,2439631.0,2333838.0,2285857.0,2009806.0,2179842.0,2182178.0,1989492.0,1924628.0,2009663.0,2416481.0,2174856.0,2324813.3333333335,2241657.5
Total Canarias,2025-03-01,marzo,2025,3,2439527,1.0,6.123233995736766e-17,6,2231870.0,2200971.0,2439631.0,2333838.0,2285857.0,2009806.0,2179842.0,2182178.0,1989492.0,1924628.0,2009663.0,2416481.0,2290824.0,2250328.8333333335
Total Canarias,2025-04-01,abril,2025,4,2229428,0.8660254037844387,-0.4999999999999998,6,2439527.0,2231870.0,2200971.0,2439631.0,2333838.0,2285857.0,2009806.0,2179842.0,2182178.0,1989492.0,1924628.0,2009663.0,2290789.3333333335,2321949.0
Total Canarias,2025-05-01,mayo,2025,5,2016749,0.49999999999999994,-0.8660254037844387,6,2229428.0,2439527.0,2231870.0,2200971.0,2439631.0,2333838.0,2285857.0,2009806.0,2179842.0,2182178.0,1989492.0,1924628.0,2300275.0,2312544.1666666665
Total Canarias,2025-06-01,junio,2025,6,2081654,1.2246467991473532e-16,-1.0,6,2016749.0,2229428.0,2439527.0,2231870.0,2200971.0,2439631.0,2333838.0,2285857.0,2009806.0,2179842.0,2182178.0,1989492.0,2228568.0,2259696.0
Total Canarias,2025-07-01,julio,2025,7,2320307,-0.4999999999999997,-0.8660254037844388,6,2081654.0,2016749.0,2229428.0,2439527.0,2231870.0,2200971.0,2439631.0,2333838.0,2285857.0,2009806.0,2179842.0,2182178.0,2109277.0,2200033.1666666665
Total Canarias,2025-08-01,agosto,2025,8,2295039,-0.8660254037844385,-0.5000000000000004,6,2320307.0,2081654.0,2016749.0,2229428.0,2439527.0,2231870.0,2200971.0,2439631.0,2333838.0,2285857.0,2009806.0,2179842.0,2139570.0,2219922.5
Total Canarias,2025-09-01,septiembre,2025,9,2078523,-1.0,-1.8369701987210297e-16,6,2295039.0,2320307.0,2081654.0,2016749.0,2229428.0,2439527.0,2231870.0,2200971.0,2439631.0,2333838.0,2285857.0,2009806.0,2232333.3333333335,2230450.6666666665
